order_id,order_date,region,product,category,sales_rep,orders,revenue,Date
10001,01-03-2025,South,Chair,Furniture,Meena,4,36726,Mar-2025
10002,13-06-2026,West,Chair,Furniture,Sneha,3,28452,Jun-2026
10003,19-09-2025,West,Monitor,Electronics,Priya,6,89427,Sep-2025
10004,28-12-2025,West,Laptop,Electronics,Ravi,6,328841,Dec-2025
10005,13-02-2026,North,Tablet,Electronics,Kiran,2,43367,Feb-2026
10006,28-04-2026,West,Desk,Furniture,Vikram,2,34590,Apr-2026
10007,22-07-2025,West,Phone,Electronics,Vikram,7,223567,Jul-2025
10008,29-05-2025,West,Tablet,Electronics,Rahul,3,64308,May-2025
10009,30-01-2025,West,Laptop,Electronics,Meena,8,439482,Jan-2025
10010,02-11-2025,North,Desk,Furniture,Anita,3,53462,Nov-2025
10011,21-04-2026,West,Laptop,Electronics,Rahul,5,276615,Apr-2026
10012,27-02-2026,North,Phone,Electronics,Ravi,1,32124,Feb-2026
10013,23-07-2025,East,Desk,Furniture,Ravi,6,108038,Jul-2025
10014,23-07-2025,South,Chair,Furniture,Ravi,7,62931,Jul-2025
10015,24-05-2025,South,Chair,Furniture,Vikram,3,27079,May-2025
10016,15-10-2025,West,Monitor,Electronics,Vikram,8,120343,Oct-2025
10017,15-08-2025,West,Phone,Electronics,Ravi,4,129225,Aug-2025
10018,27-03-2026,West,Monitor,Electronics,Arjun,8,118599,Mar-2026
10019,19-06-2026,West,Monitor,Electronics,Meena,8,120734,Jun-2026
10020,09-11-2025,West,Tablet,Electronics,Priya,8,174866,Nov-2025
10021,29-06-2025,West,Monitor,Electronics,Ravi,3,44112,Jun-2025
10022,07-08-2025,North,Headphones,Accessories,Arjun,8,48394,Aug-2025
10023,14-01-2025,West,Tablet,Electronics,Ravi,4,86343,Jan-2025
10024,25-01-2026,South,Chair,Furniture,Rahul,5,43097,Jan-2026
10025,22-01-2026,East,Tablet,Electronics,Priya,5,111419,Jan-2026
10026,11-02-2025,South,Laptop,Electronics,Meena,3,164205,Feb-2025
10027,08-05-2025,East,Monitor,Electronics,Ravi,4,61955,May-2025
10028,05-02-2026,South,Laptop,Electronics,Meena,3,165606,Feb-2026
10029,07-01-2025,South,Tablet,Electronics,Kiran,6,133317,Jan-2025
10030,20-03-2026,West,Headphones,Accessories,Sneha,6,36998,Mar-2026
10031,15-11-2025,East,Desk,Furniture,Rahul,8,143807,Nov-2025
10032,16-06-2026,North,Laptop,Electronics,Rahul,5,276112,Jun-2026
10033,02-10-2025,East,Phone,Electronics,Anita,5,161974,Oct-2025
10034,21-05-2025,North,Desk,Furniture,Kiran,5,90638,May-2025
10035,03-04-2026,South,Headphones,Accessories,Meena,4,25642,Apr-2026
10036,30-05-2026,West,Tablet,Electronics,Meena,5,108483,May-2026
10037,07-09-2025,North,Monitor,Electronics,Vikram,1,16574,Sep-2025
10038,01-08-2025,North,Tablet,Electronics,Kiran,5,110703,Aug-2025
10039,29-04-2026,North,Laptop,Electronics,Ravi,4,218419,Apr-2026
10040,26-05-2026,North,Phone,Electronics,Ravi,4,127346,May-2026
10041,25-07-2025,West,Tablet,Electronics,Sneha,7,153451,Jul-2025
10042,28-07-2025,West,Phone,Electronics,Arjun,2,64552,Jul-2025
10043,28-01-2026,West,Laptop,Electronics,Priya,5,276511,Jan-2026
10044,18-10-2025,West,Phone,Electronics,Ravi,3,97574,Oct-2025
10045,17-11-2025,North,Tablet,Electronics,Kiran,5,109685,Nov-2025
10046,15-12-2025,North,Laptop,Electronics,Vikram,4,221209,Dec-2025
10047,24-11-2025,West,Monitor,Electronics,Meena,6,90153,Nov-2025
10048,12-07-2025,North,Desk,Furniture,Ravi,7,127427,Jul-2025
10049,24-05-2025,South,Phone,Electronics,Vikram,5,158843,May-2025
10050,10-02-2026,South,Monitor,Electronics,Kiran,1,14626,Feb-2026
10051,05-02-2026,North,Phone,Electronics,Vikram,2,63131,Feb-2026
10052,08-08-2025,East,Desk,Furniture,Arjun,5,91515,Aug-2025
10053,26-09-2025,West,Desk,Furniture,Vikram,3,55758,Sep-2025
10054,26-06-2025,South,Phone,Electronics,Kiran,4,128678,Jun-2025
10055,21-02-2026,North,Headphones,Accessories,Rahul,7,42656,Feb-2026
10056,18-10-2025,North,Monitor,Electronics,Vikram,1,16594,Oct-2025
10057,16-10-2025,West,Monitor,Electronics,Vikram,7,103708,Oct-2025
10058,27-09-2025,North,Headphones,Accessories,Vikram,3,19917,Sep-2025
10059,19-09-2025,East,Chair,Furniture,Anita,3,27080,Sep-2025
10060,12-04-2026,North,Tablet,Electronics,Anita,7,152396,Apr-2026
10061,14-05-2025,East,Tablet,Electronics,Rahul,1,20631,May-2025
10062,23-02-2025,West,Laptop,Electronics,Anita,6,331484,Feb-2025
10063,19-03-2025,North,Headphones,Accessories,Anita,8,48266,Mar-2025
10064,08-05-2026,East,Desk,Furniture,Priya,1,18283,May-2026
10065,23-07-2025,West,Phone,Electronics,Ravi,8,254132,Jul-2025
10066,24-11-2025,South,Laptop,Electronics,Rahul,2,110881,Nov-2025
10067,20-01-2025,North,Monitor,Electronics,Anita,5,76567,Jan-2025
10068,13-03-2026,South,Tablet,Electronics,Vikram,7,155248,Mar-2026
10069,04-05-2025,West,Laptop,Electronics,Sneha,6,330177,May-2025
10070,28-10-2025,South,Monitor,Electronics,Kiran,7,103822,Oct-2025
10071,31-03-2026,North,Desk,Furniture,Anita,8,145230,Mar-2026
10072,14-05-2026,West,Monitor,Electronics,Arjun,2,28271,May-2026
10073,03-05-2025,West,Desk,Furniture,Arjun,6,108142,May-2025
10074,13-03-2026,East,Tablet,Electronics,Sneha,7,154249,Mar-2026
10075,28-06-2025,East,Headphones,Accessories,Priya,4,22130,Jun-2025
10076,20-05-2025,South,Laptop,Electronics,Sneha,8,440827,May-2025
10077,01-05-2026,East,Tablet,Electronics,Ravi,1,21216,May-2026
10078,24-01-2025,West,Tablet,Electronics,Meena,8,176168,Jan-2025
10079,02-06-2025,North,Phone,Electronics,Anita,2,62173,Jun-2025
10080,30-11-2025,South,Phone,Electronics,Anita,4,127721,Nov-2025
10081,16-06-2026,South,Laptop,Electronics,Sneha,3,163514,Jun-2026
10082,25-02-2025,West,Monitor,Electronics,Sneha,6,91573,Feb-2025
10083,31-10-2025,South,Tablet,Electronics,Sneha,8,175363,Oct-2025
10084,08-02-2025,North,Desk,Furniture,Kiran,4,72012,Feb-2025
10085,27-03-2026,South,Headphones,Accessories,Meena,6,37207,Mar-2026
10086,27-03-2025,West,Phone,Electronics,Vikram,3,94320,Mar-2025
10087,24-06-2025,East,Monitor,Electronics,Kiran,8,118326,Jun-2025
10088,24-06-2025,North,Chair,Furniture,Arjun,2,19227,Jun-2025
10089,22-08-2025,East,Tablet,Electronics,Rahul,4,88734,Aug-2025
10090,11-04-2026,East,Desk,Furniture,Priya,6,108789,Apr-2026
10091,25-02-2026,East,Monitor,Electronics,Kiran,8,120888,Feb-2026
10092,09-10-2025,East,Tablet,Electronics,Meena,4,89959,Oct-2025
10093,11-09-2025,South,Monitor,Electronics,Anita,8,121462,Sep-2025
10094,06-04-2026,North,Headphones,Accessories,Sneha,5,31313,Apr-2026
10095,04-04-2025,South,Laptop,Electronics,Meena,1,55485,Apr-2025
10096,07-12-2025,East,Headphones,Accessories,Priya,2,12141,Dec-2025
10097,02-04-2025,West,Laptop,Electronics,Vikram,3,165908,Apr-2025
10098,23-09-2025,East,Phone,Electronics,Sneha,1,32638,Sep-2025
10099,31-05-2026,West,Chair,Furniture,Arjun,7,63431,May-2026
10100,14-09-2025,East,Chair,Furniture,Vikram,7,64251,Sep-2025
10101,20-09-2025,East,Chair,Furniture,Meena,6,54722,Sep-2025
10102,04-04-2025,South,Phone,Electronics,Rahul,8,256555,Apr-2025
10103,24-01-2026,North,Tablet,Electronics,Rahul,6,130225,Jan-2026
10104,12-05-2025,East,Phone,Electronics,Priya,7,224804,May-2025
10105,24-03-2026,South,Headphones,Accessories,Anita,1,6874,Mar-2026
10106,08-03-2025,North,Chair,Furniture,Sneha,4,36177,Mar-2025
10107,28-01-2025,South,Phone,Electronics,Sneha,5,159226,Jan-2025
10108,29-03-2026,South,Tablet,Electronics,Ravi,2,43811,Mar-2026
10109,11-01-2026,West,Headphones,Accessories,Kiran,3,19880,Jan-2026
10110,17-04-2026,West,Desk,Furniture,Anita,1,16148,Apr-2026
10111,05-05-2026,West,Laptop,Electronics,Anita,2,108189,May-2026
10112,16-05-2025,South,Tablet,Electronics,Ravi,5,110953,May-2025
10113,26-04-2025,North,Chair,Furniture,Rahul,8,71538,Apr-2025
10114,03-11-2025,West,Chair,Furniture,Rahul,6,52683,Nov-2025
10115,12-02-2025,South,Desk,Furniture,Anita,8,145366,Feb-2025
10116,06-11-2025,North,Desk,Furniture,Arjun,3,53170,Nov-2025
10117,08-07-2025,South,Desk,Furniture,Ravi,4,71244,Jul-2025
10118,02-09-2025,South,Headphones,Accessories,Priya,5,30660,Sep-2025
10119,27-09-2025,West,Desk,Furniture,Sneha,7,127284,Sep-2025
10120,05-12-2025,North,Headphones,Accessories,Arjun,8,46564,Dec-2025
10121,19-03-2025,East,Phone,Electronics,Vikram,8,255927,Mar-2025
10122,15-01-2026,East,Headphones,Accessories,Ravi,6,34702,Jan-2026
10123,09-08-2025,East,Laptop,Electronics,Sneha,3,166198,Aug-2025
10124,22-06-2025,East,Headphones,Accessories,Sneha,4,25197,Jun-2025
10125,02-06-2025,West,Desk,Furniture,Ravi,5,89184,Jun-2025
10126,01-02-2026,West,Phone,Electronics,Kiran,4,126910,Feb-2026
10127,05-11-2025,West,Laptop,Electronics,Kiran,2,111738,Nov-2025
10128,12-03-2026,East,Phone,Electronics,Meena,5,158808,Mar-2026
10129,17-11-2025,West,Monitor,Electronics,Arjun,4,61229,Nov-2025
10130,31-01-2025,South,Monitor,Electronics,Arjun,1,15271,Jan-2025
10131,22-09-2025,West,Tablet,Electronics,Ravi,2,45770,Sep-2025
10132,16-01-2025,West,Laptop,Electronics,Meena,5,273132,Jan-2025
10133,24-01-2025,West,Monitor,Electronics,Arjun,7,105325,Jan-2025
10134,02-02-2026,North,Phone,Electronics,Vikram,3,96349,Feb-2026
10135,05-01-2026,West,Headphones,Accessories,Kiran,5,28659,Jan-2026
10136,23-02-2025,West,Monitor,Electronics,Vikram,8,118080,Feb-2025
10137,07-02-2025,West,Laptop,Electronics,Rahul,1,55470,Feb-2025
10138,30-06-2025,South,Phone,Electronics,Priya,3,94944,Jun-2025
10139,14-04-2026,East,Phone,Electronics,Vikram,8,255447,Apr-2026
10140,30-04-2026,South,Chair,Furniture,Priya,3,27225,Apr-2026
10141,04-02-2025,West,Chair,Furniture,Sneha,1,10393,Feb-2025
10142,11-05-2026,South,Desk,Furniture,Priya,1,16159,May-2026
10143,02-03-2025,South,Laptop,Electronics,Rahul,1,53610,Mar-2025
10144,19-01-2026,North,Laptop,Electronics,Priya,3,163525,Jan-2026
10145,27-04-2025,West,Phone,Electronics,Rahul,1,30093,Apr-2025
10146,24-11-2025,South,Laptop,Electronics,Anita,7,385022,Nov-2025
10147,29-01-2025,West,Phone,Electronics,Sneha,4,126153,Jan-2025
10148,18-03-2025,South,Desk,Furniture,Kiran,6,107343,Mar-2025
10149,22-07-2025,North,Tablet,Electronics,Kiran,7,154348,Jul-2025
10150,11-06-2025,North,Desk,Furniture,Kiran,3,52134,Jun-2025
10151,18-01-2025,East,Tablet,Electronics,Anita,4,87518,Jan-2025
10152,13-04-2026,South,Monitor,Electronics,Anita,3,44762,Apr-2026
10153,09-01-2025,North,Phone,Electronics,Anita,7,225647,Jan-2025
10154,14-04-2025,South,Tablet,Electronics,Vikram,1,21239,Apr-2025
10155,19-05-2025,South,Laptop,Electronics,Arjun,1,55666,May-2025
10156,19-04-2025,West,Chair,Furniture,Sneha,6,55642,Apr-2025
10157,21-02-2025,West,Laptop,Electronics,Kiran,8,439315,Feb-2025
10158,06-09-2025,West,Tablet,Electronics,Vikram,1,22474,Sep-2025
10159,08-03-2025,East,Phone,Electronics,Kiran,8,256031,Mar-2025
10160,08-06-2026,East,Phone,Electronics,Kiran,5,159777,Jun-2026
10161,31-05-2026,West,Laptop,Electronics,Arjun,3,166183,May-2026
10162,26-11-2025,South,Chair,Furniture,Kiran,3,27845,Nov-2025
10163,28-06-2025,North,Desk,Furniture,Meena,6,108753,Jun-2025
10164,21-05-2025,East,Desk,Furniture,Kiran,4,70957,May-2025
10165,14-11-2025,South,Desk,Furniture,Vikram,5,91897,Nov-2025
10166,04-09-2025,West,Tablet,Electronics,Kiran,4,87684,Sep-2025
10167,29-05-2026,South,Headphones,Accessories,Arjun,8,48645,May-2026
10168,26-01-2025,East,Phone,Electronics,Rahul,3,95001,Jan-2025
10169,16-02-2025,South,Monitor,Electronics,Kiran,5,74158,Feb-2025
10170,13-04-2026,South,Tablet,Electronics,Meena,6,131582,Apr-2026
10171,09-05-2026,South,Headphones,Accessories,Meena,6,37768,May-2026
10172,24-03-2025,East,Tablet,Electronics,Priya,3,66170,Mar-2025
10173,14-01-2025,West,Headphones,Accessories,Sneha,7,42754,Jan-2025
10174,25-02-2025,North,Headphones,Accessories,Ravi,2,13080,Feb-2025
10175,19-11-2025,South,Headphones,Accessories,Kiran,6,37411,Nov-2025
10176,18-02-2025,East,Tablet,Electronics,Priya,8,175258,Feb-2025
10177,06-12-2025,West,Headphones,Accessories,Arjun,6,35180,Dec-2025
10178,21-05-2026,East,Monitor,Electronics,Sneha,3,43393,May-2026
10179,03-10-2025,South,Laptop,Electronics,Rahul,7,383304,Oct-2025
10180,13-09-2025,East,Tablet,Electronics,Kiran,7,153083,Sep-2025
10181,13-10-2025,North,Headphones,Accessories,Ravi,5,29262,Oct-2025
10182,11-02-2026,West,Monitor,Electronics,Vikram,8,120250,Feb-2026
10183,06-11-2025,South,Phone,Electronics,Anita,8,255271,Nov-2025
10184,21-11-2025,South,Chair,Furniture,Meena,1,10696,Nov-2025
10185,02-02-2026,South,Chair,Furniture,Anita,4,35087,Feb-2026
10186,31-03-2025,East,Chair,Furniture,Ravi,6,52733,Mar-2025
10187,31-03-2026,East,Tablet,Electronics,Rahul,8,177846,Mar-2026
10188,29-12-2025,East,Monitor,Electronics,Priya,5,76133,Dec-2025
10189,02-07-2025,West,Headphones,Accessories,Priya,2,12089,Jul-2025
10190,14-09-2025,East,Desk,Furniture,Priya,4,71505,Sep-2025
10191,29-09-2025,North,Monitor,Electronics,Meena,2,28120,Sep-2025
10192,28-09-2025,South,Chair,Furniture,Kiran,6,52078,Sep-2025
10193,15-07-2025,East,Tablet,Electronics,Meena,8,176251,Jul-2025
10194,19-05-2026,West,Laptop,Electronics,Rahul,2,109685,May-2026
10195,28-07-2025,South,Tablet,Electronics,Priya,3,66491,Jul-2025
10196,05-01-2026,North,Desk,Furniture,Kiran,3,54058,Jan-2026
10197,10-04-2025,North,Tablet,Electronics,Arjun,6,131699,Apr-2025
10198,06-10-2025,West,Headphones,Accessories,Anita,4,25986,Oct-2025
10199,26-11-2025,South,Laptop,Electronics,Meena,1,53157,Nov-2025
10200,18-02-2026,West,Headphones,Accessories,Sneha,6,36000,Feb-2026
10201,08-04-2026,West,Headphones,Accessories,Priya,4,22255,Apr-2026
10202,12-05-2025,North,Laptop,Electronics,Priya,5,275702,May-2025
10203,02-03-2025,South,Desk,Furniture,Kiran,4,72113,Mar-2025
10204,09-11-2025,West,Laptop,Electronics,Vikram,2,111431,Nov-2025
10205,24-11-2025,South,Laptop,Electronics,Sneha,8,440005,Nov-2025
10206,08-02-2025,South,Phone,Electronics,Rahul,7,222951,Feb-2025
10207,07-08-2025,South,Phone,Electronics,Ravi,3,97098,Aug-2025
10208,18-03-2026,West,Laptop,Electronics,Anita,7,385752,Mar-2026
10209,02-04-2025,South,Desk,Furniture,Priya,1,18697,Apr-2025
10210,14-03-2026,East,Desk,Furniture,Kiran,4,72690,Mar-2026
10211,23-05-2025,South,Desk,Furniture,Priya,3,55128,May-2025
10212,01-05-2025,South,Phone,Electronics,Ravi,2,65288,May-2025
10213,23-04-2025,West,Phone,Electronics,Vikram,2,64367,Apr-2025
10214,11-06-2026,West,Tablet,Electronics,Arjun,1,20764,Jun-2026
10215,27-03-2026,North,Headphones,Accessories,Ravi,2,13321,Mar-2026
10216,30-10-2025,South,Monitor,Electronics,Meena,7,103230,Oct-2025
10217,05-05-2026,East,Monitor,Electronics,Anita,2,29213,May-2026
10218,05-09-2025,South,Monitor,Electronics,Meena,8,120373,Sep-2025
10219,06-07-2025,East,Laptop,Electronics,Anita,1,55548,Jul-2025
10220,05-04-2026,East,Chair,Furniture,Arjun,1,9162,Apr-2026
10221,20-12-2025,South,Chair,Furniture,Sneha,5,44556,Dec-2025
10222,21-05-2026,East,Laptop,Electronics,Priya,6,328293,May-2026
10223,03-11-2025,South,Phone,Electronics,Ravi,3,96347,Nov-2025
10224,31-05-2025,North,Chair,Furniture,Ravi,1,7467,May-2025
10225,09-08-2025,West,Phone,Electronics,Rahul,5,161201,Aug-2025
10226,27-09-2025,East,Desk,Furniture,Priya,1,18789,Sep-2025
10227,05-03-2026,North,Phone,Electronics,Sneha,6,193040,Mar-2026
10228,12-03-2025,South,Headphones,Accessories,Kiran,2,12732,Mar-2025
10229,22-05-2026,South,Phone,Electronics,Arjun,7,225525,May-2026
10230,20-04-2026,South,Monitor,Electronics,Kiran,1,13602,Apr-2026
10231,06-10-2025,East,Headphones,Accessories,Priya,1,7770,Oct-2025
10232,14-11-2025,West,Chair,Furniture,Kiran,8,73166,Nov-2025
10233,22-03-2026,North,Headphones,Accessories,Vikram,7,42134,Mar-2026
10234,08-06-2026,South,Tablet,Electronics,Anita,8,176117,Jun-2026
10235,26-11-2025,South,Chair,Furniture,Vikram,3,26372,Nov-2025
10236,26-08-2025,East,Headphones,Accessories,Vikram,1,5907,Aug-2025
10237,09-03-2025,South,Desk,Furniture,Sneha,2,35638,Mar-2025
10238,07-02-2026,North,Chair,Furniture,Kiran,3,25477,Feb-2026
10239,12-07-2025,North,Headphones,Accessories,Vikram,5,31554,Jul-2025
10240,10-02-2025,North,Desk,Furniture,Priya,6,106763,Feb-2025
10241,06-05-2026,West,Desk,Furniture,Arjun,3,53285,May-2026
10242,04-07-2025,East,Desk,Furniture,Rahul,7,127306,Jul-2025
10243,01-02-2026,South,Headphones,Accessories,Ravi,6,34773,Feb-2026
10244,03-03-2026,North,Chair,Furniture,Rahul,5,43772,Mar-2026
10245,11-01-2026,North,Laptop,Electronics,Meena,5,275195,Jan-2026
10246,04-11-2025,North,Monitor,Electronics,Vikram,7,105745,Nov-2025
10247,15-01-2026,South,Phone,Electronics,Kiran,8,254638,Jan-2026
10248,07-10-2025,West,Chair,Furniture,Vikram,2,17972,Oct-2025
10249,18-04-2025,West,Monitor,Electronics,Vikram,6,90509,Apr-2025
10250,07-05-2025,West,Desk,Furniture,Vikram,2,36578,May-2025
10251,16-04-2025,South,Monitor,Electronics,Sneha,8,121124,Apr-2025
10252,19-12-2025,North,Phone,Electronics,Anita,5,159160,Dec-2025
10253,18-04-2026,East,Desk,Furniture,Priya,3,52826,Apr-2026
10254,01-03-2026,West,Desk,Furniture,Anita,7,127737,Mar-2026
10255,25-01-2025,North,Headphones,Accessories,Priya,1,7648,Jan-2025
10256,15-04-2025,South,Monitor,Electronics,Anita,8,121652,Apr-2025
10257,14-03-2025,East,Phone,Electronics,Sneha,6,192388,Mar-2025
10258,13-02-2025,South,Tablet,Electronics,Anita,8,174931,Feb-2025
10259,18-11-2025,South,Phone,Electronics,Arjun,3,94479,Nov-2025
10260,12-09-2025,North,Desk,Furniture,Priya,8,144642,Sep-2025
10261,24-09-2025,South,Tablet,Electronics,Sneha,2,43538,Sep-2025
10262,25-04-2025,West,Chair,Furniture,Sneha,5,44583,Apr-2025
10263,21-06-2025,North,Phone,Electronics,Priya,6,192528,Jun-2025
10264,14-06-2025,South,Tablet,Electronics,Anita,5,108733,Jun-2025
10265,12-02-2025,West,Chair,Furniture,Kiran,1,7842,Feb-2025
10266,08-01-2025,North,Tablet,Electronics,Anita,7,153180,Jan-2025
10267,16-09-2025,East,Tablet,Electronics,Meena,8,176091,Sep-2025
10268,01-08-2025,East,Headphones,Accessories,Kiran,6,34489,Aug-2025
10269,03-06-2026,West,Desk,Furniture,Meena,3,55589,Jun-2026
10270,16-01-2025,West,Laptop,Electronics,Meena,1,56822,Jan-2025
10271,24-06-2025,North,Monitor,Electronics,Sneha,7,106310,Jun-2025
10272,28-08-2025,South,Laptop,Electronics,Priya,8,441156,Aug-2025
10273,21-05-2025,South,Desk,Furniture,Vikram,1,18209,May-2025
10274,08-03-2025,East,Desk,Furniture,Kiran,7,124140,Mar-2025
10275,17-01-2025,South,Phone,Electronics,Sneha,6,193690,Jan-2025
10276,24-11-2025,West,Laptop,Electronics,Sneha,3,163976,Nov-2025
10277,29-01-2026,West,Desk,Furniture,Meena,6,108724,Jan-2026
10278,27-10-2025,South,Desk,Furniture,Rahul,6,107024,Oct-2025
10279,30-06-2025,East,Monitor,Electronics,Vikram,6,91583,Jun-2025
10280,03-12-2025,East,Monitor,Electronics,Rahul,5,75011,Dec-2025
10281,22-02-2025,South,Tablet,Electronics,Rahul,7,153237,Feb-2025
10282,05-04-2025,North,Headphones,Accessories,Rahul,6,36154,Apr-2025
10283,05-07-2025,West,Laptop,Electronics,Kiran,6,331253,Jul-2025
10284,09-05-2025,West,Phone,Electronics,Anita,2,63768,May-2025
10285,14-11-2025,North,Desk,Furniture,Rahul,5,90985,Nov-2025
10286,15-01-2026,South,Desk,Furniture,Priya,4,71055,Jan-2026
10287,12-11-2025,North,Laptop,Electronics,Vikram,3,166215,Nov-2025
10288,20-12-2025,East,Monitor,Electronics,Sneha,5,75468,Dec-2025
10289,10-05-2026,South,Desk,Furniture,Priya,7,125554,May-2026
10290,18-10-2025,West,Chair,Furniture,Sneha,2,17614,Oct-2025
10291,01-10-2025,North,Chair,Furniture,Arjun,3,26995,Oct-2025
10292,28-11-2025,North,Chair,Furniture,Vikram,7,62316,Nov-2025
10293,28-12-2025,South,Phone,Electronics,Anita,1,31323,Dec-2025
10294,04-04-2026,North,Phone,Electronics,Meena,5,159720,Apr-2026
10295,20-11-2025,West,Tablet,Electronics,Anita,5,108287,Nov-2025
10296,16-08-2025,West,Headphones,Accessories,Kiran,2,10699,Aug-2025
10297,14-12-2025,West,Tablet,Electronics,Kiran,2,44377,Dec-2025
10298,11-04-2026,South,Headphones,Accessories,Sneha,4,24991,Apr-2026
10299,03-09-2025,South,Monitor,Electronics,Rahul,6,90420,Sep-2025
10300,06-05-2026,North,Chair,Furniture,Ravi,2,16249,May-2026
10301,28-06-2025,East,Monitor,Electronics,Arjun,2,28634,Jun-2025
10302,24-02-2025,East,Laptop,Electronics,Rahul,4,221720,Feb-2025
10303,01-09-2025,South,Headphones,Accessories,Priya,2,13197,Sep-2025
10304,09-01-2025,North,Monitor,Electronics,Kiran,2,28394,Jan-2025
10305,31-01-2025,South,Monitor,Electronics,Arjun,1,16142,Jan-2025
10306,13-02-2025,North,Monitor,Electronics,Arjun,8,119921,Feb-2025
10307,17-08-2025,South,Phone,Electronics,Meena,1,31281,Aug-2025
10308,24-09-2025,North,Laptop,Electronics,Kiran,6,331333,Sep-2025
10309,02-06-2025,West,Laptop,Electronics,Ravi,7,383006,Jun-2025
10310,11-04-2026,South,Tablet,Electronics,Arjun,2,44218,Apr-2026
10311,10-05-2026,East,Phone,Electronics,Sneha,6,191923,May-2026
10312,20-08-2025,West,Phone,Electronics,Meena,4,128632,Aug-2025
10313,02-04-2026,North,Monitor,Electronics,Priya,3,45414,Apr-2026
10314,02-01-2026,North,Chair,Furniture,Ravi,7,64175,Jan-2026
10315,23-05-2026,West,Headphones,Accessories,Meena,5,29160,May-2026
10316,10-08-2025,West,Headphones,Accessories,Vikram,8,47520,Aug-2025
10317,24-01-2025,North,Monitor,Electronics,Priya,7,104397,Jan-2025
10318,18-02-2026,East,Desk,Furniture,Anita,4,73911,Feb-2026
10319,10-03-2026,North,Monitor,Electronics,Sneha,4,60746,Mar-2026
10320,20-04-2026,North,Desk,Furniture,Kiran,5,88689,Apr-2026
10321,28-10-2025,North,Monitor,Electronics,Ravi,2,28019,Oct-2025
10322,18-10-2025,West,Headphones,Accessories,Kiran,1,5964,Oct-2025
10323,03-09-2025,South,Tablet,Electronics,Arjun,6,132955,Sep-2025
10324,17-02-2026,West,Laptop,Electronics,Priya,4,220928,Feb-2026
10325,29-09-2025,East,Monitor,Electronics,Anita,4,59322,Sep-2025
10326,19-03-2026,West,Laptop,Electronics,Ravi,1,56029,Mar-2026
10327,28-06-2025,South,Desk,Furniture,Anita,3,52413,Jun-2025
10328,13-02-2026,North,Tablet,Electronics,Kiran,6,133166,Feb-2026
10329,09-03-2026,North,Laptop,Electronics,Arjun,6,329398,Mar-2026
10330,17-03-2025,North,Tablet,Electronics,Anita,8,177572,Mar-2025
10331,10-07-2025,South,Chair,Furniture,Kiran,3,27734,Jul-2025
10332,17-05-2025,North,Phone,Electronics,Anita,2,62946,May-2025
10333,12-05-2026,West,Laptop,Electronics,Ravi,5,274809,May-2026
10334,29-01-2026,South,Monitor,Electronics,Anita,7,105108,Jan-2026
10335,14-06-2026,East,Tablet,Electronics,Vikram,7,152649,Jun-2026
10336,24-10-2025,South,Headphones,Accessories,Sneha,6,34778,Oct-2025
10337,02-06-2025,East,Phone,Electronics,Ravi,6,193348,Jun-2025
10338,12-01-2025,East,Monitor,Electronics,Sneha,2,28231,Jan-2025
10339,18-09-2025,North,Headphones,Accessories,Vikram,6,34890,Sep-2025
10340,23-03-2025,North,Monitor,Electronics,Sneha,1,14000,Mar-2025
10341,27-01-2026,North,Headphones,Accessories,Arjun,8,48873,Jan-2026
10342,09-09-2025,North,Chair,Furniture,Priya,8,71968,Sep-2025
10343,08-02-2025,North,Phone,Electronics,Rahul,6,193036,Feb-2025
10344,06-04-2025,West,Headphones,Accessories,Meena,8,49061,Apr-2025
10345,21-03-2025,North,Chair,Furniture,Kiran,2,16562,Mar-2025
10346,15-01-2026,North,Headphones,Accessories,Rahul,1,6953,Jan-2026
10347,07-06-2026,West,Chair,Furniture,Anita,6,52920,Jun-2026
10348,25-01-2025,West,Chair,Furniture,Arjun,6,53830,Jan-2025
10349,07-04-2025,West,Phone,Electronics,Priya,8,255913,Apr-2025
10350,28-05-2025,East,Laptop,Electronics,Anita,8,441992,May-2025
10351,14-06-2026,North,Laptop,Electronics,Kiran,2,110171,Jun-2026
10352,21-08-2025,North,Laptop,Electronics,Anita,6,328751,Aug-2025
10353,02-12-2025,East,Desk,Furniture,Anita,7,125049,Dec-2025
10354,23-04-2026,West,Headphones,Accessories,Arjun,2,13734,Apr-2026
10355,12-05-2026,North,Tablet,Electronics,Vikram,8,174066,May-2026
10356,01-02-2026,South,Desk,Furniture,Anita,3,55455,Feb-2026
10357,22-02-2025,East,Phone,Electronics,Arjun,6,190093,Feb-2025
10358,05-12-2025,West,Desk,Furniture,Rahul,7,127483,Dec-2025
10359,27-04-2026,East,Tablet,Electronics,Sneha,7,155666,Apr-2026
10360,21-10-2025,South,Tablet,Electronics,Ravi,4,86324,Oct-2025
10361,30-12-2025,West,Phone,Electronics,Vikram,2,62996,Dec-2025
10362,06-11-2025,West,Laptop,Electronics,Sneha,1,54125,Nov-2025
10363,17-11-2025,North,Chair,Furniture,Anita,1,10648,Nov-2025
10364,06-06-2026,East,Desk,Furniture,Kiran,8,145021,Jun-2026
10365,14-01-2026,East,Headphones,Accessories,Meena,3,16708,Jan-2026
10366,09-10-2025,North,Chair,Furniture,Ravi,7,63486,Oct-2025
10367,13-05-2026,North,Monitor,Electronics,Sneha,6,91514,May-2026
10368,15-12-2025,South,Chair,Furniture,Anita,2,18730,Dec-2025
10369,21-12-2025,North,Desk,Furniture,Vikram,2,37008,Dec-2025
10370,26-01-2026,South,Laptop,Electronics,Rahul,2,111867,Jan-2026
10371,29-07-2025,South,Chair,Furniture,Arjun,6,54512,Jul-2025
10372,24-03-2025,North,Tablet,Electronics,Priya,5,110308,Mar-2025
10373,26-07-2025,West,Desk,Furniture,Rahul,7,126118,Jul-2025
10374,18-04-2025,East,Phone,Electronics,Kiran,3,96833,Apr-2025
10375,17-05-2025,East,Tablet,Electronics,Kiran,6,132372,May-2025
10376,23-08-2025,North,Tablet,Electronics,Vikram,4,86260,Aug-2025
10377,22-05-2025,North,Phone,Electronics,Kiran,7,222262,May-2025
10378,18-06-2026,West,Laptop,Electronics,Priya,6,329624,Jun-2026
10379,01-02-2025,West,Desk,Furniture,Priya,4,73498,Feb-2025
10380,09-01-2025,North,Tablet,Electronics,Meena,3,67292,Jan-2025
10381,04-12-2025,East,Desk,Furniture,Priya,6,107330,Dec-2025
10382,01-04-2026,North,Headphones,Accessories,Kiran,6,37980,Apr-2026
10383,09-07-2025,North,Desk,Furniture,Meena,3,53141,Jul-2025
10384,08-01-2026,South,Chair,Furniture,Ravi,1,10009,Jan-2026
10385,19-05-2025,East,Chair,Furniture,Meena,2,16449,May-2025
10386,11-04-2026,South,Headphones,Accessories,Kiran,1,7741,Apr-2026
10387,27-03-2026,South,Chair,Furniture,Sneha,8,73777,Mar-2026
10388,08-01-2026,East,Tablet,Electronics,Ravi,6,130455,Jan-2026
10389,01-03-2026,South,Monitor,Electronics,Ravi,5,73577,Mar-2026
10390,09-12-2025,East,Desk,Furniture,Meena,3,55977,Dec-2025
10391,07-10-2025,South,Desk,Furniture,Sneha,6,109238,Oct-2025
10392,15-01-2026,East,Monitor,Electronics,Priya,3,46135,Jan-2026
10393,14-01-2025,South,Desk,Furniture,Kiran,8,143880,Jan-2025
10394,27-02-2026,East,Headphones,Accessories,Sneha,7,41665,Feb-2026
10395,09-06-2026,North,Desk,Furniture,Kiran,3,52254,Jun-2026
10396,10-02-2026,North,Laptop,Electronics,Vikram,3,163170,Feb-2026
10397,26-09-2025,North,Chair,Furniture,Ravi,1,7544,Sep-2025
10398,05-05-2026,North,Headphones,Accessories,Anita,1,5437,May-2026
10399,04-04-2026,North,Headphones,Accessories,Rahul,2,10858,Apr-2026
10400,08-06-2025,South,Headphones,Accessories,Sneha,6,34322,Jun-2025
10401,18-01-2026,South,Chair,Furniture,Vikram,2,17384,Jan-2026
10402,08-08-2025,West,Headphones,Accessories,Anita,7,43224,Aug-2025
10403,27-05-2025,North,Headphones,Accessories,Ravi,6,36571,May-2025
10404,29-01-2026,North,Headphones,Accessories,Arjun,1,6215,Jan-2026
10405,13-04-2026,East,Desk,Furniture,Arjun,5,90951,Apr-2026
10406,27-07-2025,East,Tablet,Electronics,Vikram,6,132715,Jul-2025
10407,27-07-2025,East,Phone,Electronics,Vikram,5,158832,Jul-2025
10408,21-01-2025,South,Laptop,Electronics,Rahul,8,438739,Jan-2025
10409,27-01-2026,East,Laptop,Electronics,Meena,2,108627,Jan-2026
10410,12-12-2025,West,Tablet,Electronics,Priya,8,177625,Dec-2025
10411,29-01-2025,West,Monitor,Electronics,Sneha,2,28061,Jan-2025
10412,30-12-2025,North,Laptop,Electronics,Priya,3,164297,Dec-2025
10413,08-05-2025,North,Monitor,Electronics,Ravi,6,90884,May-2025
10414,17-04-2025,West,Phone,Electronics,Ravi,7,224544,Apr-2025
10415,21-04-2025,East,Monitor,Electronics,Anita,7,104279,Apr-2025
10416,22-08-2025,South,Chair,Furniture,Ravi,4,37249,Aug-2025
10417,28-05-2025,East,Laptop,Electronics,Kiran,4,221729,May-2025
10418,01-07-2025,West,Desk,Furniture,Anita,4,70129,Jul-2025
10419,17-10-2025,West,Laptop,Electronics,Anita,2,111557,Oct-2025
10420,26-11-2025,East,Headphones,Accessories,Rahul,1,6444,Nov-2025
10421,05-11-2025,South,Monitor,Electronics,Meena,3,43071,Nov-2025
10422,22-03-2026,South,Monitor,Electronics,Vikram,5,74561,Mar-2026
10423,18-01-2026,West,Phone,Electronics,Meena,6,193662,Jan-2026
10424,27-01-2025,South,Phone,Electronics,Meena,6,192542,Jan-2025
10425,09-02-2026,North,Phone,Electronics,Rahul,5,161274,Feb-2026
10426,16-12-2025,South,Monitor,Electronics,Kiran,2,31059,Dec-2025
10427,06-07-2025,North,Tablet,Electronics,Anita,1,22851,Jul-2025
10428,11-02-2026,West,Chair,Furniture,Arjun,3,28423,Feb-2026
10429,21-02-2026,South,Chair,Furniture,Sneha,4,37164,Feb-2026
10430,19-09-2025,North,Phone,Electronics,Priya,2,65474,Sep-2025
10431,21-05-2025,South,Headphones,Accessories,Sneha,1,7706,May-2025
10432,19-03-2025,West,Desk,Furniture,Vikram,2,37670,Mar-2025
10433,17-06-2026,South,Tablet,Electronics,Ravi,7,152563,Jun-2026
10434,06-10-2025,North,Chair,Furniture,Rahul,3,27891,Oct-2025
10435,28-10-2025,West,Phone,Electronics,Arjun,2,62236,Oct-2025
10436,15-03-2025,East,Tablet,Electronics,Ravi,6,133347,Mar-2025
10437,19-07-2025,West,Tablet,Electronics,Meena,3,65037,Jul-2025
10438,28-01-2026,South,Chair,Furniture,Priya,4,34389,Jan-2026
10439,21-03-2025,South,Chair,Furniture,Rahul,5,45704,Mar-2025
10440,16-05-2026,North,Chair,Furniture,Priya,8,71239,May-2026
10441,20-08-2025,South,Laptop,Electronics,Priya,4,218416,Aug-2025
10442,26-01-2026,North,Headphones,Accessories,Arjun,2,10808,Jan-2026
10443,02-04-2026,South,Desk,Furniture,Rahul,7,124130,Apr-2026
10444,01-02-2026,North,Laptop,Electronics,Rahul,2,111580,Feb-2026
10445,29-03-2025,South,Chair,Furniture,Sneha,3,26826,Mar-2025
10446,11-06-2026,North,Headphones,Accessories,Sneha,1,5968,Jun-2026
10447,17-02-2026,North,Laptop,Electronics,Arjun,8,438697,Feb-2026
10448,11-09-2025,West,Monitor,Electronics,Arjun,6,91731,Sep-2025
10449,11-04-2025,North,Tablet,Electronics,Sneha,8,177685,Apr-2025
10450,03-10-2025,South,Laptop,Electronics,Sneha,5,274469,Oct-2025
10451,13-09-2025,North,Chair,Furniture,Kiran,1,8326,Sep-2025
10452,01-04-2026,East,Tablet,Electronics,Rahul,7,155563,Apr-2026
10453,22-10-2025,West,Headphones,Accessories,Vikram,3,18226,Oct-2025
10454,06-10-2025,South,Laptop,Electronics,Rahul,2,109408,Oct-2025
10455,21-06-2025,East,Laptop,Electronics,Arjun,6,330239,Jun-2025
10456,05-01-2025,West,Tablet,Electronics,Kiran,2,42571,Jan-2025
10457,30-11-2025,West,Monitor,Electronics,Ravi,7,103868,Nov-2025
10458,26-05-2026,South,Phone,Electronics,Meena,5,158161,May-2026
10459,26-10-2025,West,Chair,Furniture,Priya,2,19310,Oct-2025
10460,04-11-2025,South,Chair,Furniture,Ravi,8,71656,Nov-2025
10461,14-05-2025,West,Desk,Furniture,Rahul,1,17585,May-2025
10462,11-04-2025,North,Chair,Furniture,Kiran,5,43153,Apr-2025
10463,04-05-2026,East,Laptop,Electronics,Arjun,5,276239,May-2026
10464,14-05-2025,West,Phone,Electronics,Arjun,6,190614,May-2025
10465,19-01-2026,West,Laptop,Electronics,Kiran,2,108648,Jan-2026
10466,01-10-2025,North,Laptop,Electronics,Ravi,3,166432,Oct-2025
10467,10-06-2026,West,Monitor,Electronics,Priya,4,60280,Jun-2026
10468,09-07-2025,East,Monitor,Electronics,Anita,6,89816,Jul-2025
10469,03-10-2025,West,Phone,Electronics,Sneha,3,94878,Oct-2025
10470,30-06-2025,South,Desk,Furniture,Ravi,3,54423,Jun-2025
10471,29-06-2025,West,Monitor,Electronics,Ravi,8,121404,Jun-2025
10472,03-01-2025,West,Tablet,Electronics,Meena,2,43753,Jan-2025
10473,30-06-2025,South,Monitor,Electronics,Rahul,5,73324,Jun-2025
10474,30-03-2025,East,Chair,Furniture,Sneha,1,9942,Mar-2025
10475,04-12-2025,South,Phone,Electronics,Rahul,1,32880,Dec-2025
10476,15-04-2025,East,Laptop,Electronics,Rahul,2,109426,Apr-2025
10477,16-04-2025,East,Phone,Electronics,Ravi,3,97254,Apr-2025
10478,08-07-2025,West,Chair,Furniture,Priya,3,27988,Jul-2025
10479,17-12-2025,North,Desk,Furniture,Meena,4,70301,Dec-2025
10480,06-06-2026,South,Phone,Electronics,Priya,1,33813,Jun-2026
10481,14-06-2025,South,Chair,Furniture,Meena,1,9611,Jun-2025
10482,20-09-2025,South,Desk,Furniture,Arjun,4,72202,Sep-2025
10483,20-09-2025,East,Chair,Furniture,Priya,2,17553,Sep-2025
10484,09-03-2025,North,Monitor,Electronics,Meena,7,105560,Mar-2025
10485,27-05-2026,East,Laptop,Electronics,Priya,5,276828,May-2026
10486,22-03-2026,East,Headphones,Accessories,Kiran,5,28507,Mar-2026
10487,17-12-2025,East,Laptop,Electronics,Arjun,7,383869,Dec-2025
10488,11-01-2026,East,Chair,Furniture,Rahul,7,63659,Jan-2026
10489,30-04-2025,West,Phone,Electronics,Sneha,6,193203,Apr-2025
10490,25-04-2026,North,Monitor,Electronics,Rahul,1,14828,Apr-2026
10491,07-02-2025,North,Tablet,Electronics,Anita,2,44288,Feb-2025
10492,24-03-2026,North,Laptop,Electronics,Vikram,6,328674,Mar-2026
10493,19-06-2025,West,Headphones,Accessories,Priya,5,28925,Jun-2025
10494,11-02-2025,West,Tablet,Electronics,Ravi,7,152388,Feb-2025
10495,30-04-2026,East,Phone,Electronics,Priya,4,127626,Apr-2026
10496,15-01-2025,West,Monitor,Electronics,Anita,6,90225,Jan-2025
10497,22-02-2025,North,Headphones,Accessories,Ravi,7,42768,Feb-2025
10498,11-06-2026,West,Monitor,Electronics,Arjun,5,75386,Jun-2026
10499,14-08-2025,South,Chair,Furniture,Arjun,6,55501,Aug-2025
10500,26-08-2025,North,Tablet,Electronics,Kiran,8,176354,Aug-2025
10501,29-05-2025,West,Tablet,Electronics,Meena,1,20635,May-2025
10502,02-06-2026,East,Phone,Electronics,Rahul,2,63725,Jun-2026
10503,17-01-2026,East,Chair,Furniture,Arjun,7,64646,Jan-2026
10504,22-11-2025,North,Desk,Furniture,Meena,6,106940,Nov-2025
10505,29-01-2026,West,Laptop,Electronics,Anita,3,166768,Jan-2026
10506,11-10-2025,North,Desk,Furniture,Sneha,3,54128,Oct-2025
10507,04-04-2026,West,Phone,Electronics,Meena,4,126533,Apr-2026
10508,15-05-2025,East,Tablet,Electronics,Vikram,5,108643,May-2025
10509,26-01-2025,South,Desk,Furniture,Ravi,5,90707,Jan-2025
10510,17-10-2025,South,Laptop,Electronics,Priya,1,53516,Oct-2025
10511,23-05-2025,South,Monitor,Electronics,Priya,6,88463,May-2025
10512,16-12-2025,North,Desk,Furniture,Meena,1,17185,Dec-2025
10513,10-08-2025,West,Laptop,Electronics,Ravi,6,330031,Aug-2025
10514,30-10-2025,South,Phone,Electronics,Vikram,8,254275,Oct-2025
10515,28-05-2026,North,Chair,Furniture,Priya,3,25448,May-2026
10516,19-01-2026,South,Desk,Furniture,Vikram,2,37201,Jan-2026
10517,13-03-2026,South,Phone,Electronics,Kiran,8,256118,Mar-2026
10518,18-10-2025,South,Chair,Furniture,Priya,7,62320,Oct-2025
10519,02-09-2025,East,Monitor,Electronics,Priya,8,120961,Sep-2025
10520,22-04-2026,South,Chair,Furniture,Meena,7,61140,Apr-2026
10521,23-01-2025,West,Laptop,Electronics,Vikram,5,274751,Jan-2025
10522,30-03-2026,North,Chair,Furniture,Priya,8,71377,Mar-2026
10523,05-05-2025,South,Headphones,Accessories,Vikram,7,43344,May-2025
10524,16-10-2025,East,Laptop,Electronics,Sneha,4,221306,Oct-2025
10525,04-05-2025,North,Desk,Furniture,Rahul,2,34172,May-2025
10526,15-06-2025,East,Monitor,Electronics,Priya,4,59786,Jun-2025
10527,25-06-2026,South,Headphones,Accessories,Priya,3,16286,Jun-2026
10528,21-04-2026,North,Laptop,Electronics,Kiran,2,110147,Apr-2026
10529,09-06-2026,West,Monitor,Electronics,Meena,5,73855,Jun-2026
10530,03-09-2025,South,Phone,Electronics,Meena,3,94706,Sep-2025
10531,17-07-2025,West,Laptop,Electronics,Vikram,8,440360,Jul-2025
10532,29-03-2025,West,Tablet,Electronics,Anita,2,45464,Mar-2025
10533,23-06-2026,West,Laptop,Electronics,Vikram,8,441438,Jun-2026
10534,10-02-2026,South,Desk,Furniture,Sneha,1,16453,Feb-2026
10535,11-03-2026,West,Monitor,Electronics,Priya,6,88585,Mar-2026
10536,20-04-2026,West,Monitor,Electronics,Arjun,6,90929,Apr-2026
10537,09-10-2025,East,Laptop,Electronics,Vikram,1,54719,Oct-2025
10538,23-03-2026,East,Chair,Furniture,Sneha,1,9489,Mar-2026
10539,23-03-2026,East,Headphones,Accessories,Kiran,1,5041,Mar-2026
10540,21-10-2025,West,Headphones,Accessories,Priya,8,47143,Oct-2025
10541,23-11-2025,South,Laptop,Electronics,Kiran,1,56074,Nov-2025
10542,11-02-2025,North,Chair,Furniture,Vikram,1,10395,Feb-2025
10543,12-12-2025,West,Tablet,Electronics,Priya,1,23412,Dec-2025
10544,02-01-2025,East,Chair,Furniture,Anita,3,25978,Jan-2025
10545,22-12-2025,East,Tablet,Electronics,Vikram,2,45542,Dec-2025
10546,22-12-2025,West,Monitor,Electronics,Priya,4,58096,Dec-2025
10547,26-12-2025,South,Headphones,Accessories,Arjun,3,19800,Dec-2025
10548,29-06-2025,North,Tablet,Electronics,Priya,5,108266,Jun-2025
10549,24-12-2025,South,Laptop,Electronics,Priya,1,53221,Dec-2025
10550,08-02-2025,North,Chair,Furniture,Sneha,1,10768,Feb-2025
10551,15-09-2025,East,Tablet,Electronics,Anita,8,177879,Sep-2025
10552,19-02-2025,North,Chair,Furniture,Rahul,8,71030,Feb-2025
10553,08-01-2026,West,Desk,Furniture,Kiran,2,35462,Jan-2026
10554,04-11-2025,South,Laptop,Electronics,Kiran,8,438232,Nov-2025
10555,26-03-2025,East,Desk,Furniture,Ravi,8,142183,Mar-2025
10556,03-01-2025,West,Chair,Furniture,Vikram,4,37706,Jan-2025
10557,11-11-2025,East,Chair,Furniture,Kiran,3,25187,Nov-2025
10558,13-06-2026,East,Tablet,Electronics,Ravi,7,155562,Jun-2026
10559,24-06-2025,South,Monitor,Electronics,Ravi,3,45810,Jun-2025
10560,08-10-2025,East,Headphones,Accessories,Arjun,6,34159,Oct-2025
10561,13-06-2025,South,Headphones,Accessories,Kiran,7,40518,Jun-2025
10562,22-04-2025,East,Tablet,Electronics,Vikram,8,174208,Apr-2025
10563,10-07-2025,West,Chair,Furniture,Priya,4,35880,Jul-2025
10564,05-08-2025,South,Laptop,Electronics,Rahul,8,439983,Aug-2025
10565,29-11-2025,East,Monitor,Electronics,Kiran,2,29167,Nov-2025
10566,31-05-2026,West,Chair,Furniture,Ravi,3,28159,May-2026
10567,24-01-2026,West,Headphones,Accessories,Kiran,6,34557,Jan-2026
10568,08-09-2025,West,Chair,Furniture,Kiran,6,54161,Sep-2025
10569,01-06-2025,West,Tablet,Electronics,Kiran,1,22083,Jun-2025
10570,23-05-2025,East,Tablet,Electronics,Kiran,3,64076,May-2025
10571,06-01-2026,East,Chair,Furniture,Priya,1,7418,Jan-2026
10572,16-01-2026,West,Desk,Furniture,Anita,2,35483,Jan-2026
10573,25-02-2025,East,Phone,Electronics,Rahul,5,160718,Feb-2025
10574,07-02-2025,South,Chair,Furniture,Sneha,1,9196,Feb-2025
10575,31-08-2025,South,Monitor,Electronics,Meena,4,60075,Aug-2025
10576,05-06-2025,West,Phone,Electronics,Priya,6,192607,Jun-2025
10577,19-08-2025,South,Phone,Electronics,Arjun,3,95970,Aug-2025
10578,30-09-2025,South,Laptop,Electronics,Vikram,5,273276,Sep-2025
10579,15-03-2025,North,Phone,Electronics,Vikram,7,224650,Mar-2025
10580,11-05-2025,South,Phone,Electronics,Vikram,3,94810,May-2025
10581,08-04-2026,East,Chair,Furniture,Ravi,3,28550,Apr-2026
10582,20-12-2025,North,Chair,Furniture,Anita,6,52758,Dec-2025
10583,29-01-2026,East,Tablet,Electronics,Kiran,6,133455,Jan-2026
10584,21-04-2026,South,Desk,Furniture,Meena,5,88322,Apr-2026
10585,16-06-2025,South,Laptop,Electronics,Vikram,6,329750,Jun-2025
10586,13-04-2025,East,Phone,Electronics,Priya,8,255526,Apr-2025
10587,18-01-2025,West,Headphones,Accessories,Anita,4,25560,Jan-2025
10588,24-04-2026,North,Monitor,Electronics,Ravi,8,120852,Apr-2026
10589,28-04-2025,South,Chair,Furniture,Kiran,7,64591,Apr-2025
10590,19-07-2025,West,Monitor,Electronics,Sneha,2,28341,Jul-2025
10591,05-01-2026,South,Monitor,Electronics,Anita,1,16514,Jan-2026
10592,07-02-2026,East,Desk,Furniture,Ravi,3,55145,Feb-2026
10593,17-09-2025,South,Tablet,Electronics,Arjun,2,42770,Sep-2025
10594,04-04-2025,South,Laptop,Electronics,Sneha,7,386339,Apr-2025
10595,29-01-2025,South,Laptop,Electronics,Ravi,6,329402,Jan-2025
10596,02-03-2026,East,Headphones,Accessories,Priya,7,43189,Mar-2026
10597,20-04-2026,South,Headphones,Accessories,Vikram,5,31763,Apr-2026
10598,27-08-2025,South,Phone,Electronics,Kiran,5,161668,Aug-2025
10599,21-07-2025,South,Chair,Furniture,Rahul,6,53299,Jul-2025
10600,05-03-2026,West,Headphones,Accessories,Vikram,1,4914,Mar-2026
10601,28-04-2025,South,Tablet,Electronics,Sneha,1,22835,Apr-2025
10602,02-06-2026,West,Headphones,Accessories,Ravi,3,16563,Jun-2026
10603,12-03-2026,East,Laptop,Electronics,Anita,8,440032,Mar-2026
10604,28-08-2025,East,Desk,Furniture,Rahul,4,73625,Aug-2025
10605,24-09-2025,East,Monitor,Electronics,Rahul,6,89920,Sep-2025
10606,10-05-2026,North,Headphones,Accessories,Rahul,2,13566,May-2026
10607,05-11-2025,North,Chair,Furniture,Ravi,3,27523,Nov-2025
10608,23-03-2026,South,Phone,Electronics,Anita,5,161846,Mar-2026
10609,27-01-2026,North,Desk,Furniture,Arjun,6,106783,Jan-2026
10610,22-02-2025,North,Phone,Electronics,Priya,5,161843,Feb-2025
10611,02-04-2025,West,Chair,Furniture,Rahul,7,62726,Apr-2025
10612,31-07-2025,North,Laptop,Electronics,Arjun,1,53226,Jul-2025
10613,04-05-2026,South,Laptop,Electronics,Rahul,8,441894,May-2026
10614,16-03-2025,North,Tablet,Electronics,Priya,8,176751,Mar-2025
10615,06-04-2026,South,Headphones,Accessories,Sneha,2,10356,Apr-2026
10616,23-01-2025,West,Phone,Electronics,Vikram,2,62901,Jan-2025
10617,15-03-2025,East,Chair,Furniture,Meena,7,63940,Mar-2025
10618,19-11-2025,East,Tablet,Electronics,Ravi,2,44750,Nov-2025
10619,31-03-2025,North,Monitor,Electronics,Meena,3,43441,Mar-2025
10620,13-11-2025,West,Chair,Furniture,Priya,8,73350,Nov-2025
10621,04-03-2026,West,Laptop,Electronics,Meena,2,109882,Mar-2026
10622,28-07-2025,North,Desk,Furniture,Rahul,4,72711,Jul-2025
10623,20-03-2026,North,Monitor,Electronics,Ravi,7,105793,Mar-2026
10624,23-06-2026,West,Headphones,Accessories,Kiran,7,40557,Jun-2026
10625,12-11-2025,East,Laptop,Electronics,Sneha,3,166014,Nov-2025
10626,13-01-2026,West,Headphones,Accessories,Rahul,8,46543,Jan-2026
10627,06-02-2025,East,Headphones,Accessories,Rahul,6,35564,Feb-2025
10628,16-02-2026,West,Tablet,Electronics,Ravi,4,88149,Feb-2026
10629,17-03-2026,North,Laptop,Electronics,Anita,4,219166,Mar-2026
10630,26-02-2025,North,Tablet,Electronics,Ravi,1,23512,Feb-2025
10631,22-06-2025,West,Tablet,Electronics,Priya,6,131425,Jun-2025
10632,19-04-2025,West,Headphones,Accessories,Kiran,7,41804,Apr-2025
10633,27-03-2025,East,Chair,Furniture,Meena,2,18283,Mar-2025
10634,21-05-2026,South,Monitor,Electronics,Arjun,5,73416,May-2026
10635,11-03-2026,East,Headphones,Accessories,Ravi,4,23698,Mar-2026
10636,17-09-2025,North,Headphones,Accessories,Meena,4,22317,Sep-2025
10637,06-06-2026,North,Laptop,Electronics,Rahul,5,273628,Jun-2026
10638,26-10-2025,West,Desk,Furniture,Rahul,7,124842,Oct-2025
10639,27-03-2025,West,Phone,Electronics,Ravi,8,257950,Mar-2025
10640,07-05-2025,West,Chair,Furniture,Sneha,7,61281,May-2025
10641,17-08-2025,South,Monitor,Electronics,Priya,1,13506,Aug-2025
10642,23-03-2026,South,Chair,Furniture,Sneha,6,52376,Mar-2026
10643,09-05-2025,North,Headphones,Accessories,Priya,3,19526,May-2025
10644,05-01-2025,East,Headphones,Accessories,Anita,8,48718,Jan-2025
10645,24-11-2025,North,Headphones,Accessories,Arjun,3,17590,Nov-2025
10646,09-09-2025,West,Laptop,Electronics,Arjun,3,163587,Sep-2025
10647,31-07-2025,South,Headphones,Accessories,Kiran,8,49264,Jul-2025
10648,05-03-2026,East,Headphones,Accessories,Kiran,5,30122,Mar-2026
10649,20-06-2026,South,Chair,Furniture,Priya,6,52319,Jun-2026
10650,19-06-2025,South,Monitor,Electronics,Priya,2,31464,Jun-2025
10651,13-05-2026,East,Laptop,Electronics,Vikram,5,274452,May-2026
10652,18-10-2025,West,Phone,Electronics,Rahul,7,222927,Oct-2025
10653,06-01-2026,West,Monitor,Electronics,Arjun,8,118788,Jan-2026
10654,08-01-2025,West,Desk,Furniture,Sneha,5,88254,Jan-2025
10655,17-01-2026,East,Monitor,Electronics,Ravi,8,118925,Jan-2026
10656,02-02-2026,South,Monitor,Electronics,Anita,8,120740,Feb-2026
10657,21-03-2026,West,Laptop,Electronics,Anita,1,55407,Mar-2026
10658,28-09-2025,East,Phone,Electronics,Rahul,5,159902,Sep-2025
10659,12-07-2025,South,Monitor,Electronics,Priya,7,103797,Jul-2025
10660,21-04-2026,South,Phone,Electronics,Rahul,6,190083,Apr-2026
10661,11-06-2026,West,Phone,Electronics,Vikram,4,129518,Jun-2026
10662,05-11-2025,South,Tablet,Electronics,Anita,2,45296,Nov-2025
10663,12-03-2025,South,Monitor,Electronics,Kiran,7,105982,Mar-2025
10664,01-06-2025,South,Desk,Furniture,Priya,4,70261,Jun-2025
10665,05-05-2026,South,Phone,Electronics,Rahul,1,33894,May-2026
10666,17-02-2026,West,Phone,Electronics,Rahul,8,254237,Feb-2026
10667,22-12-2025,South,Chair,Furniture,Kiran,4,36602,Dec-2025
10668,21-02-2025,South,Monitor,Electronics,Kiran,1,14085,Feb-2025
10669,14-03-2025,North,Headphones,Accessories,Vikram,8,49574,Mar-2025
10670,28-05-2025,North,Laptop,Electronics,Sneha,5,274988,May-2025
10671,13-04-2026,East,Tablet,Electronics,Sneha,8,174373,Apr-2026
10672,03-12-2025,South,Monitor,Electronics,Anita,1,16183,Dec-2025
10673,02-08-2025,South,Phone,Electronics,Priya,6,190153,Aug-2025
10674,02-09-2025,South,Monitor,Electronics,Priya,8,118668,Sep-2025
10675,11-09-2025,South,Chair,Furniture,Vikram,7,64174,Sep-2025
10676,25-10-2025,East,Desk,Furniture,Vikram,4,71944,Oct-2025
10677,23-01-2025,East,Monitor,Electronics,Rahul,5,75408,Jan-2025
10678,15-07-2025,North,Monitor,Electronics,Priya,7,105645,Jul-2025
10679,06-01-2026,East,Tablet,Electronics,Sneha,5,111835,Jan-2026
10680,25-02-2025,North,Tablet,Electronics,Rahul,3,67180,Feb-2025
10681,03-12-2025,South,Tablet,Electronics,Ravi,7,155982,Dec-2025
10682,28-06-2025,West,Monitor,Electronics,Rahul,4,58259,Jun-2025
10683,28-08-2025,North,Desk,Furniture,Sneha,5,91792,Aug-2025
10684,20-11-2025,North,Tablet,Electronics,Priya,1,21375,Nov-2025
10685,06-02-2025,North,Headphones,Accessories,Vikram,4,23152,Feb-2025
10686,24-06-2025,West,Laptop,Electronics,Rahul,8,439300,Jun-2025
10687,24-01-2026,East,Headphones,Accessories,Anita,3,19069,Jan-2026
10688,28-07-2025,West,Tablet,Electronics,Rahul,8,174383,Jul-2025
10689,02-03-2026,West,Chair,Furniture,Priya,2,19219,Mar-2026
10690,26-06-2025,North,Headphones,Accessories,Kiran,3,19257,Jun-2025
10691,01-03-2026,South,Chair,Furniture,Meena,1,10948,Mar-2026
10692,07-02-2025,West,Tablet,Electronics,Ravi,2,45876,Feb-2025
10693,10-03-2026,West,Monitor,Electronics,Rahul,1,14035,Mar-2026
10694,02-04-2026,West,Desk,Furniture,Anita,6,108586,Apr-2026
10695,30-05-2025,North,Monitor,Electronics,Anita,8,121015,May-2025
10696,10-11-2025,North,Desk,Furniture,Vikram,6,107182,Nov-2025
10697,09-02-2025,North,Desk,Furniture,Anita,2,35823,Feb-2025
10698,10-06-2026,South,Chair,Furniture,Vikram,2,16319,Jun-2026
10699,14-03-2026,North,Monitor,Electronics,Meena,6,88476,Mar-2026
10700,04-06-2025,North,Tablet,Electronics,Priya,6,132313,Jun-2025
10701,15-05-2026,East,Laptop,Electronics,Anita,1,56342,May-2026
10702,08-07-2025,West,Phone,Electronics,Meena,3,97372,Jul-2025
10703,24-01-2025,West,Phone,Electronics,Priya,2,65541,Jan-2025
10704,06-07-2025,South,Phone,Electronics,Sneha,4,129850,Jul-2025
10705,21-05-2026,South,Monitor,Electronics,Ravi,1,13217,May-2026
10706,18-07-2025,East,Monitor,Electronics,Sneha,7,103706,Jul-2025
10707,06-04-2025,West,Monitor,Electronics,Arjun,6,88671,Apr-2025
10708,23-12-2025,North,Phone,Electronics,Meena,5,159941,Dec-2025
10709,21-03-2025,South,Tablet,Electronics,Arjun,7,155491,Mar-2025
10710,21-11-2025,South,Monitor,Electronics,Kiran,7,103808,Nov-2025
10711,01-10-2025,North,Tablet,Electronics,Arjun,1,20906,Oct-2025
10712,04-04-2025,North,Tablet,Electronics,Priya,3,65694,Apr-2025
10713,01-10-2025,East,Headphones,Accessories,Rahul,5,30644,Oct-2025
10714,26-01-2026,South,Monitor,Electronics,Sneha,2,28281,Jan-2026
10715,05-11-2025,East,Phone,Electronics,Sneha,3,97726,Nov-2025
10716,09-06-2026,North,Laptop,Electronics,Kiran,7,386820,Jun-2026
10717,17-10-2025,West,Chair,Furniture,Priya,4,35546,Oct-2025
10718,21-04-2025,South,Headphones,Accessories,Ravi,7,43461,Apr-2025
10719,09-03-2026,South,Laptop,Electronics,Arjun,4,218432,Mar-2026
10720,17-01-2026,West,Chair,Furniture,Priya,7,62083,Jan-2026
10721,23-05-2025,South,Tablet,Electronics,Rahul,7,153094,May-2025
10722,26-04-2025,East,Phone,Electronics,Arjun,6,193475,Apr-2025
10723,19-10-2025,East,Monitor,Electronics,Sneha,4,58676,Oct-2025
10724,24-08-2025,West,Tablet,Electronics,Kiran,7,154227,Aug-2025
10725,29-10-2025,North,Monitor,Electronics,Rahul,7,105006,Oct-2025
10726,10-04-2026,North,Monitor,Electronics,Meena,6,89750,Apr-2026
10727,05-08-2025,South,Laptop,Electronics,Vikram,6,331847,Aug-2025
10728,10-01-2026,West,Desk,Furniture,Vikram,5,90694,Jan-2026
10729,08-06-2025,West,Monitor,Electronics,Priya,2,28531,Jun-2025
10730,26-06-2025,West,Phone,Electronics,Arjun,7,225835,Jun-2025
10731,07-06-2025,West,Desk,Furniture,Meena,2,36583,Jun-2025
10732,14-01-2025,South,Phone,Electronics,Arjun,6,192742,Jan-2025
10733,05-07-2025,East,Laptop,Electronics,Arjun,5,276589,Jul-2025
10734,27-01-2025,South,Tablet,Electronics,Vikram,8,175984,Jan-2025
10735,24-10-2025,South,Headphones,Accessories,Anita,4,22578,Oct-2025
10736,05-01-2025,North,Phone,Electronics,Vikram,3,94220,Jan-2025
10737,06-06-2026,East,Laptop,Electronics,Kiran,5,276465,Jun-2026
10738,06-05-2026,East,Monitor,Electronics,Rahul,2,29688,May-2026
10739,11-01-2025,North,Tablet,Electronics,Rahul,3,65273,Jan-2025
10740,23-10-2025,North,Monitor,Electronics,Priya,6,90239,Oct-2025
10741,16-01-2025,East,Phone,Electronics,Priya,6,193982,Jan-2025
10742,28-12-2025,East,Headphones,Accessories,Arjun,3,16985,Dec-2025
10743,26-05-2026,South,Laptop,Electronics,Vikram,7,385613,May-2026
10744,07-04-2025,East,Desk,Furniture,Meena,7,125077,Apr-2025
10745,20-01-2026,West,Phone,Electronics,Rahul,7,222596,Jan-2026
10746,25-06-2025,South,Desk,Furniture,Anita,4,72110,Jun-2025
10747,05-01-2026,South,Chair,Furniture,Ravi,1,8573,Jan-2026
10748,22-08-2025,West,Tablet,Electronics,Kiran,6,133463,Aug-2025
10749,23-10-2025,East,Monitor,Electronics,Arjun,5,73928,Oct-2025
10750,14-02-2026,South,Monitor,Electronics,Anita,8,118257,Feb-2026
10751,30-11-2025,South,Tablet,Electronics,Vikram,6,130972,Nov-2025
10752,21-05-2025,South,Tablet,Electronics,Rahul,6,132981,May-2025
10753,06-12-2025,West,Headphones,Accessories,Vikram,1,5824,Dec-2025
10754,09-04-2025,East,Desk,Furniture,Rahul,2,35040,Apr-2025
10755,15-11-2025,North,Chair,Furniture,Priya,6,54931,Nov-2025
10756,02-04-2026,South,Phone,Electronics,Rahul,6,190235,Apr-2026
10757,24-12-2025,South,Desk,Furniture,Kiran,4,70611,Dec-2025
10758,04-02-2026,West,Tablet,Electronics,Ravi,4,87640,Feb-2026
10759,22-11-2025,East,Monitor,Electronics,Rahul,4,61390,Nov-2025
10760,29-05-2025,South,Monitor,Electronics,Vikram,8,121913,May-2025
10761,28-10-2025,East,Tablet,Electronics,Priya,5,109772,Oct-2025
10762,29-11-2025,East,Tablet,Electronics,Anita,5,111953,Nov-2025
10763,18-06-2026,North,Desk,Furniture,Sneha,1,19387,Jun-2026
10764,05-08-2025,West,Headphones,Accessories,Ravi,6,36191,Aug-2025
10765,25-06-2026,South,Tablet,Electronics,Sneha,4,87130,Jun-2026
10766,19-01-2026,West,Laptop,Electronics,Anita,2,108698,Jan-2026
10767,26-02-2025,West,Headphones,Accessories,Vikram,2,11214,Feb-2025
10768,05-10-2025,West,Desk,Furniture,Priya,1,19049,Oct-2025
10769,05-01-2026,East,Desk,Furniture,Sneha,3,54081,Jan-2026
10770,25-10-2025,West,Tablet,Electronics,Kiran,6,131007,Oct-2025
10771,12-01-2025,North,Laptop,Electronics,Kiran,6,328085,Jan-2025
10772,06-01-2025,North,Desk,Furniture,Vikram,3,55874,Jan-2025
10773,22-12-2025,West,Chair,Furniture,Ravi,4,34965,Dec-2025
10774,11-04-2026,South,Desk,Furniture,Arjun,8,145295,Apr-2026
10775,23-04-2026,South,Phone,Electronics,Kiran,7,225521,Apr-2026
10776,06-06-2025,West,Laptop,Electronics,Arjun,1,55307,Jun-2025
10777,11-03-2025,North,Chair,Furniture,Priya,7,63050,Mar-2025
10778,31-08-2025,South,Laptop,Electronics,Vikram,1,53777,Aug-2025
10779,20-05-2026,East,Headphones,Accessories,Kiran,4,24099,May-2026
10780,11-02-2026,East,Phone,Electronics,Vikram,5,160948,Feb-2026
10781,16-12-2025,West,Laptop,Electronics,Meena,3,166385,Dec-2025
10782,17-03-2025,East,Laptop,Electronics,Vikram,1,53097,Mar-2025
10783,11-06-2026,West,Tablet,Electronics,Kiran,4,86903,Jun-2026
10784,12-01-2025,North,Phone,Electronics,Ravi,2,63284,Jan-2025
10785,11-02-2025,South,Tablet,Electronics,Arjun,6,130443,Feb-2025
10786,17-05-2026,West,Phone,Electronics,Anita,1,32616,May-2026
10787,22-03-2025,South,Tablet,Electronics,Kiran,8,174828,Mar-2025
10788,01-05-2026,West,Desk,Furniture,Sneha,8,145146,May-2026
10789,27-12-2025,South,Tablet,Electronics,Arjun,5,108164,Dec-2025
10790,10-05-2025,West,Tablet,Electronics,Vikram,3,64309,May-2025
10791,19-02-2026,South,Laptop,Electronics,Arjun,6,330048,Feb-2026
10792,27-01-2026,North,Phone,Electronics,Arjun,5,161930,Jan-2026
10793,28-08-2025,South,Laptop,Electronics,Arjun,4,219201,Aug-2025
10794,29-09-2025,North,Desk,Furniture,Rahul,5,88929,Sep-2025
10795,22-04-2026,North,Monitor,Electronics,Vikram,6,90467,Apr-2026
10796,31-03-2025,North,Chair,Furniture,Sneha,3,25427,Mar-2025
10797,17-09-2025,South,Desk,Furniture,Kiran,6,107078,Sep-2025
10798,13-04-2026,East,Desk,Furniture,Vikram,1,16677,Apr-2026
10799,20-02-2026,West,Phone,Electronics,Meena,8,255207,Feb-2026
10800,07-06-2025,South,Laptop,Electronics,Meena,7,384441,Jun-2025
10801,17-06-2026,East,Laptop,Electronics,Sneha,7,384522,Jun-2026
10802,30-01-2026,East,Phone,Electronics,Anita,5,159979,Jan-2026
10803,17-04-2026,West,Chair,Furniture,Meena,1,10671,Apr-2026
10804,29-08-2025,East,Tablet,Electronics,Vikram,6,132157,Aug-2025
10805,23-06-2026,East,Monitor,Electronics,Arjun,5,73123,Jun-2026
10806,09-01-2026,North,Desk,Furniture,Anita,2,37700,Jan-2026
10807,19-07-2025,North,Tablet,Electronics,Kiran,3,64178,Jul-2025
10808,14-11-2025,South,Chair,Furniture,Rahul,3,28097,Nov-2025
10809,25-07-2025,East,Chair,Furniture,Ravi,1,9210,Jul-2025
10810,16-11-2025,North,Laptop,Electronics,Anita,5,273442,Nov-2025
10811,08-03-2025,West,Monitor,Electronics,Arjun,4,58203,Mar-2025
10812,21-03-2025,North,Laptop,Electronics,Meena,3,164220,Mar-2025
10813,21-02-2026,North,Tablet,Electronics,Sneha,7,153151,Feb-2026
10814,05-02-2025,West,Laptop,Electronics,Arjun,4,218430,Feb-2025
10815,22-07-2025,North,Phone,Electronics,Kiran,1,32634,Jul-2025
10816,26-11-2025,East,Monitor,Electronics,Anita,5,76208,Nov-2025
10817,25-07-2025,South,Chair,Furniture,Anita,6,55544,Jul-2025
10818,11-06-2025,West,Laptop,Electronics,Priya,4,220833,Jun-2025
10819,12-01-2026,North,Desk,Furniture,Anita,6,109156,Jan-2026
10820,03-04-2026,South,Laptop,Electronics,Vikram,5,273426,Apr-2026
10821,24-06-2026,South,Chair,Furniture,Anita,3,28808,Jun-2026
10822,24-11-2025,North,Desk,Furniture,Ravi,1,17394,Nov-2025
10823,12-11-2025,East,Monitor,Electronics,Sneha,8,121825,Nov-2025
10824,28-06-2025,West,Monitor,Electronics,Vikram,8,121021,Jun-2025
10825,12-03-2026,South,Monitor,Electronics,Priya,8,118069,Mar-2026
10826,08-03-2025,East,Chair,Furniture,Ravi,3,27665,Mar-2025
10827,26-04-2026,West,Laptop,Electronics,Anita,7,384235,Apr-2026
10828,06-03-2026,North,Desk,Furniture,Ravi,8,142880,Mar-2026
10829,09-09-2025,East,Phone,Electronics,Rahul,2,62288,Sep-2025
10830,30-01-2026,East,Tablet,Electronics,Kiran,3,65777,Jan-2026
10831,03-12-2025,East,Chair,Furniture,Vikram,2,19519,Dec-2025
10832,04-03-2026,North,Chair,Furniture,Vikram,6,52413,Mar-2026
10833,30-09-2025,South,Headphones,Accessories,Meena,7,42261,Sep-2025
10834,24-03-2026,North,Phone,Electronics,Meena,3,96000,Mar-2026
10835,27-02-2025,South,Tablet,Electronics,Rahul,3,67278,Feb-2025
10836,08-06-2025,South,Phone,Electronics,Ravi,6,190084,Jun-2025
10837,07-01-2026,North,Laptop,Electronics,Rahul,4,221991,Jan-2026
10838,13-05-2025,West,Desk,Furniture,Ravi,7,125885,May-2025
10839,14-01-2025,West,Chair,Furniture,Vikram,4,35436,Jan-2025
10840,03-02-2026,South,Headphones,Accessories,Ravi,5,30384,Feb-2026
10841,03-05-2026,North,Monitor,Electronics,Sneha,6,90184,May-2026
10842,28-05-2026,North,Monitor,Electronics,Meena,2,28435,May-2026
10843,26-02-2026,North,Tablet,Electronics,Priya,2,45834,Feb-2026
10844,21-05-2026,East,Monitor,Electronics,Vikram,6,91318,May-2026
10845,29-04-2025,North,Monitor,Electronics,Meena,7,106734,Apr-2025
10846,03-05-2026,North,Desk,Furniture,Rahul,4,70225,May-2026
10847,12-01-2025,South,Monitor,Electronics,Meena,5,75758,Jan-2025
10848,15-09-2025,East,Headphones,Accessories,Ravi,2,13498,Sep-2025
10849,11-11-2025,East,Laptop,Electronics,Kiran,6,329791,Nov-2025
10850,22-01-2026,East,Chair,Furniture,Meena,4,37073,Jan-2026
10851,13-08-2025,East,Phone,Electronics,Arjun,1,30831,Aug-2025
10852,25-09-2025,East,Laptop,Electronics,Priya,7,385510,Sep-2025
10853,29-10-2025,West,Headphones,Accessories,Arjun,8,47830,Oct-2025
10854,22-01-2026,East,Tablet,Electronics,Arjun,1,21814,Jan-2026
10855,24-06-2026,North,Monitor,Electronics,Priya,4,58661,Jun-2026
10856,11-02-2025,North,Laptop,Electronics,Rahul,1,53960,Feb-2025
10857,28-10-2025,West,Monitor,Electronics,Sneha,1,14846,Oct-2025
10858,14-06-2026,North,Phone,Electronics,Kiran,1,30075,Jun-2026
10859,10-11-2025,East,Phone,Electronics,Priya,5,160510,Nov-2025
10860,03-06-2025,East,Chair,Furniture,Ravi,5,46968,Jun-2025
10861,20-03-2026,West,Chair,Furniture,Rahul,2,16234,Mar-2026
10862,20-01-2026,North,Laptop,Electronics,Ravi,4,221854,Jan-2026
10863,16-06-2025,North,Phone,Electronics,Meena,2,62934,Jun-2025
10864,09-04-2025,West,Tablet,Electronics,Meena,7,153212,Apr-2025
10865,27-07-2025,East,Desk,Furniture,Priya,3,54867,Jul-2025
10866,11-05-2026,North,Laptop,Electronics,Kiran,1,53192,May-2026
10867,26-02-2025,East,Phone,Electronics,Anita,1,31931,Feb-2025
10868,30-01-2026,South,Chair,Furniture,Kiran,4,34077,Jan-2026
10869,24-03-2025,North,Laptop,Electronics,Sneha,8,438303,Mar-2025
10870,16-04-2025,North,Chair,Furniture,Ravi,3,25467,Apr-2025
10871,18-10-2025,West,Laptop,Electronics,Meena,2,111292,Oct-2025
10872,14-08-2025,East,Monitor,Electronics,Rahul,8,118525,Aug-2025
10873,12-05-2026,South,Phone,Electronics,Kiran,7,225777,May-2026
10874,24-04-2025,East,Laptop,Electronics,Rahul,3,163785,Apr-2025
10875,29-03-2025,West,Chair,Furniture,Sneha,7,61439,Mar-2025
10876,19-02-2026,West,Tablet,Electronics,Anita,1,21259,Feb-2026
10877,07-11-2025,North,Monitor,Electronics,Ravi,2,29467,Nov-2025
10878,26-05-2025,West,Chair,Furniture,Rahul,1,9499,May-2025
10879,03-12-2025,West,Phone,Electronics,Arjun,3,97564,Dec-2025
10880,27-12-2025,South,Monitor,Electronics,Anita,5,76309,Dec-2025
10881,14-05-2025,South,Monitor,Electronics,Vikram,1,14925,May-2025
10882,04-03-2025,East,Desk,Furniture,Kiran,8,144653,Mar-2025
10883,01-03-2025,North,Monitor,Electronics,Vikram,2,30259,Mar-2025
10884,09-03-2025,West,Desk,Furniture,Rahul,4,71892,Mar-2025
10885,18-04-2025,East,Monitor,Electronics,Meena,3,45389,Apr-2025
10886,20-03-2025,South,Headphones,Accessories,Sneha,1,7473,Mar-2025
10887,26-01-2025,South,Desk,Furniture,Anita,7,127990,Jan-2025
10888,01-03-2025,East,Desk,Furniture,Arjun,6,107174,Mar-2025
10889,25-05-2025,North,Monitor,Electronics,Vikram,5,74917,May-2025
10890,23-04-2026,West,Tablet,Electronics,Ravi,3,65834,Apr-2026
10891,16-02-2025,East,Desk,Furniture,Rahul,7,127445,Feb-2025
10892,01-01-2025,North,Laptop,Electronics,Sneha,6,328848,Jan-2025
10893,30-01-2025,South,Headphones,Accessories,Rahul,4,22886,Jan-2025
10894,18-11-2025,North,Headphones,Accessories,Meena,5,30065,Nov-2025
10895,30-08-2025,North,Phone,Electronics,Meena,8,255079,Aug-2025
10896,17-11-2025,West,Monitor,Electronics,Sneha,8,121459,Nov-2025
10897,13-02-2025,South,Monitor,Electronics,Ravi,6,89305,Feb-2025
10898,10-06-2026,South,Phone,Electronics,Kiran,3,94621,Jun-2026
10899,13-07-2025,North,Tablet,Electronics,Priya,8,177153,Jul-2025
10900,06-03-2026,North,Chair,Furniture,Sneha,4,35693,Mar-2026
10901,23-09-2025,South,Phone,Electronics,Vikram,8,255258,Sep-2025
10902,04-09-2025,South,Desk,Furniture,Ravi,3,52351,Sep-2025
10903,22-06-2026,East,Tablet,Electronics,Ravi,2,45292,Jun-2026
10904,23-08-2025,East,Phone,Electronics,Ravi,3,97976,Aug-2025
10905,07-05-2026,West,Monitor,Electronics,Kiran,1,14178,May-2026
10906,23-01-2026,West,Monitor,Electronics,Ravi,1,16055,Jan-2026
10907,22-06-2025,South,Phone,Electronics,Arjun,4,127292,Jun-2025
10908,30-06-2025,West,Monitor,Electronics,Meena,7,103710,Jun-2025
10909,24-05-2026,South,Phone,Electronics,Ravi,5,159622,May-2026
10910,12-03-2025,East,Monitor,Electronics,Priya,4,59857,Mar-2025
10911,03-04-2025,North,Phone,Electronics,Vikram,2,65968,Apr-2025
10912,12-11-2025,East,Phone,Electronics,Rahul,1,33485,Nov-2025
10913,27-09-2025,North,Laptop,Electronics,Ravi,5,273454,Sep-2025
10914,22-02-2026,North,Monitor,Electronics,Meena,1,15660,Feb-2026
10915,06-01-2026,North,Laptop,Electronics,Ravi,3,166447,Jan-2026
10916,26-11-2025,West,Headphones,Accessories,Meena,7,40746,Nov-2025
10917,01-02-2025,East,Laptop,Electronics,Sneha,6,328383,Feb-2025
10918,06-04-2025,West,Phone,Electronics,Arjun,6,190246,Apr-2025
10919,21-10-2025,South,Tablet,Electronics,Kiran,3,65658,Oct-2025
10920,18-03-2025,West,Tablet,Electronics,Sneha,4,87996,Mar-2025
10921,21-03-2025,East,Headphones,Accessories,Rahul,1,7884,Mar-2025
10922,26-11-2025,East,Headphones,Accessories,Anita,3,19161,Nov-2025
10923,15-02-2025,West,Laptop,Electronics,Ravi,2,110557,Feb-2025
10924,06-01-2025,East,Headphones,Accessories,Arjun,3,16009,Jan-2025
10925,28-12-2025,East,Monitor,Electronics,Ravi,1,15600,Dec-2025
10926,20-08-2025,North,Desk,Furniture,Ravi,4,73101,Aug-2025
10927,22-05-2026,West,Chair,Furniture,Kiran,7,61267,May-2026
10928,17-03-2026,South,Chair,Furniture,Vikram,4,37822,Mar-2026
10929,09-06-2026,South,Laptop,Electronics,Arjun,7,383727,Jun-2026
10930,22-06-2026,North,Desk,Furniture,Sneha,8,144911,Jun-2026
10931,26-04-2025,East,Laptop,Electronics,Rahul,1,56521,Apr-2025
10932,31-03-2026,South,Tablet,Electronics,Kiran,8,177758,Mar-2026
10933,07-07-2025,South,Laptop,Electronics,Kiran,1,56321,Jul-2025
10934,15-12-2025,East,Chair,Furniture,Kiran,6,53775,Dec-2025
10935,29-01-2025,North,Chair,Furniture,Sneha,5,45293,Jan-2025
10936,05-05-2026,North,Tablet,Electronics,Arjun,5,111147,May-2026
10937,13-09-2025,East,Chair,Furniture,Rahul,1,9101,Sep-2025
10938,18-03-2025,East,Headphones,Accessories,Arjun,8,47153,Mar-2025
10939,28-03-2026,North,Phone,Electronics,Priya,8,256348,Mar-2026
10940,21-06-2026,West,Tablet,Electronics,Ravi,3,66986,Jun-2026
10941,08-09-2025,East,Tablet,Electronics,Rahul,6,133436,Sep-2025
10942,15-01-2026,South,Phone,Electronics,Ravi,5,160718,Jan-2026
10943,31-05-2026,West,Tablet,Electronics,Anita,8,176894,May-2026
10944,09-06-2025,East,Tablet,Electronics,Kiran,1,20192,Jun-2025
10945,20-03-2026,North,Headphones,Accessories,Rahul,3,16398,Mar-2026
10946,17-08-2025,West,Chair,Furniture,Sneha,7,62494,Aug-2025
10947,11-02-2026,North,Chair,Furniture,Rahul,8,73812,Feb-2026
10948,13-09-2025,West,Desk,Furniture,Priya,5,90288,Sep-2025
10949,17-05-2025,North,Chair,Furniture,Kiran,2,19115,May-2025
10950,23-09-2025,West,Tablet,Electronics,Arjun,4,87441,Sep-2025
10951,16-04-2026,North,Desk,Furniture,Arjun,4,71648,Apr-2026
10952,17-01-2025,West,Laptop,Electronics,Arjun,7,385876,Jan-2025
10953,12-10-2025,East,Tablet,Electronics,Vikram,8,176028,Oct-2025
10954,10-08-2025,South,Headphones,Accessories,Ravi,4,23867,Aug-2025
10955,14-02-2025,South,Monitor,Electronics,Priya,1,13581,Feb-2025
10956,22-04-2026,West,Headphones,Accessories,Rahul,6,35395,Apr-2026
10957,19-04-2026,West,Tablet,Electronics,Ravi,6,132417,Apr-2026
10958,07-02-2026,North,Phone,Electronics,Meena,1,33049,Feb-2026
10959,07-02-2026,North,Phone,Electronics,Vikram,4,126152,Feb-2026
10960,27-03-2025,West,Tablet,Electronics,Priya,6,132041,Mar-2025
10961,12-06-2026,West,Tablet,Electronics,Vikram,5,109670,Jun-2026
10962,06-01-2026,South,Laptop,Electronics,Kiran,8,439199,Jan-2026
10963,05-10-2025,East,Tablet,Electronics,Kiran,8,176040,Oct-2025
10964,05-09-2025,South,Phone,Electronics,Ravi,2,64255,Sep-2025
10965,15-03-2025,North,Desk,Furniture,Vikram,2,35119,Mar-2025
10966,01-01-2025,East,Chair,Furniture,Meena,4,34605,Jan-2025
10967,12-05-2026,South,Monitor,Electronics,Rahul,6,90369,May-2026
10968,07-03-2025,East,Phone,Electronics,Sneha,8,254993,Mar-2025
10969,22-06-2025,North,Laptop,Electronics,Kiran,5,273711,Jun-2025
10970,19-09-2025,East,Tablet,Electronics,Sneha,5,108773,Sep-2025
10971,17-11-2025,South,Phone,Electronics,Kiran,3,96813,Nov-2025
10972,24-02-2025,East,Desk,Furniture,Anita,6,106356,Feb-2025
10973,26-03-2026,South,Desk,Furniture,Anita,3,55592,Mar-2026
10974,10-02-2025,East,Desk,Furniture,Arjun,7,125044,Feb-2025
10975,05-05-2025,West,Laptop,Electronics,Vikram,8,439611,May-2025
10976,04-05-2026,East,Headphones,Accessories,Meena,2,12295,May-2026
10977,10-04-2026,West,Phone,Electronics,Priya,4,127955,Apr-2026
10978,25-05-2026,East,Desk,Furniture,Vikram,1,16346,May-2026
10979,06-08-2025,South,Chair,Furniture,Priya,1,8144,Aug-2025
10980,15-01-2025,North,Tablet,Electronics,Priya,1,21759,Jan-2025
10981,22-10-2025,West,Chair,Furniture,Arjun,6,53824,Oct-2025
10982,06-08-2025,East,Monitor,Electronics,Meena,3,44637,Aug-2025
10983,19-07-2025,North,Phone,Electronics,Kiran,5,160216,Jul-2025
10984,01-04-2026,North,Headphones,Accessories,Priya,6,36799,Apr-2026
10985,17-07-2025,East,Chair,Furniture,Ravi,6,53881,Jul-2025
10986,06-04-2026,South,Phone,Electronics,Anita,6,193907,Apr-2026
10987,30-06-2025,West,Laptop,Electronics,Ravi,7,385805,Jun-2025
10988,26-02-2025,South,Phone,Electronics,Kiran,4,126806,Feb-2025
10989,24-01-2025,North,Phone,Electronics,Meena,7,225815,Jan-2025
10990,31-03-2025,West,Laptop,Electronics,Arjun,4,218862,Mar-2025
10991,22-01-2025,East,Headphones,Accessories,Meena,6,36573,Jan-2025
10992,13-03-2026,West,Laptop,Electronics,Kiran,7,386321,Mar-2026
10993,03-07-2025,South,Monitor,Electronics,Kiran,4,58492,Jul-2025
10994,29-03-2026,South,Headphones,Accessories,Vikram,2,11589,Mar-2026
10995,15-03-2025,West,Tablet,Electronics,Anita,1,22991,Mar-2025
10996,05-02-2025,South,Laptop,Electronics,Arjun,3,166693,Feb-2025
10997,24-02-2026,East,Desk,Furniture,Anita,3,53086,Feb-2026
10998,02-04-2026,East,Phone,Electronics,Sneha,5,158621,Apr-2026
10999,12-01-2025,South,Phone,Electronics,Vikram,5,160045,Jan-2025
11000,09-02-2026,West,Laptop,Electronics,Arjun,3,165428,Feb-2026
11001,29-04-2026,West,Desk,Furniture,Rahul,3,52540,Apr-2026
11002,03-12-2025,South,Headphones,Accessories,Priya,5,28940,Dec-2025
11003,13-10-2025,North,Headphones,Accessories,Sneha,7,43451,Oct-2025
11004,07-06-2026,East,Phone,Electronics,Ravi,7,224512,Jun-2026
11005,29-04-2025,West,Laptop,Electronics,Meena,6,331602,Apr-2025
11006,05-05-2026,North,Laptop,Electronics,Priya,1,55325,May-2026
11007,29-01-2026,East,Laptop,Electronics,Sneha,3,166025,Jan-2026
11008,05-02-2025,East,Desk,Furniture,Priya,3,55104,Feb-2025
11009,26-08-2025,North,Tablet,Electronics,Kiran,1,22162,Aug-2025
11010,20-02-2025,East,Desk,Furniture,Anita,7,125374,Feb-2025
11011,11-01-2026,East,Phone,Electronics,Vikram,2,64611,Jan-2026
11012,18-07-2025,South,Phone,Electronics,Vikram,5,159123,Jul-2025
11013,22-11-2025,North,Laptop,Electronics,Ravi,3,164811,Nov-2025
11014,13-07-2025,South,Laptop,Electronics,Vikram,3,163062,Jul-2025
11015,23-01-2026,West,Desk,Furniture,Sneha,7,124755,Jan-2026
11016,06-01-2025,West,Phone,Electronics,Anita,8,256730,Jan-2025
11017,06-03-2025,East,Laptop,Electronics,Kiran,8,439084,Mar-2025
11018,25-01-2025,West,Desk,Furniture,Arjun,4,71905,Jan-2025
11019,28-05-2026,South,Desk,Furniture,Sneha,4,72299,May-2026
11020,31-05-2025,North,Tablet,Electronics,Sneha,2,42690,May-2025
11021,06-02-2025,North,Headphones,Accessories,Meena,7,40324,Feb-2025
11022,19-07-2025,East,Chair,Furniture,Rahul,8,71618,Jul-2025
11023,10-01-2025,South,Laptop,Electronics,Ravi,4,220730,Jan-2025
11024,29-11-2025,East,Chair,Furniture,Ravi,3,26149,Nov-2025
11025,08-11-2025,West,Desk,Furniture,Anita,7,125753,Nov-2025
11026,28-08-2025,West,Phone,Electronics,Ravi,8,257484,Aug-2025
11027,05-03-2025,North,Desk,Furniture,Vikram,2,35392,Mar-2025
11028,04-01-2026,West,Phone,Electronics,Kiran,6,192888,Jan-2026
11029,10-01-2026,North,Desk,Furniture,Priya,2,35703,Jan-2026
11030,16-08-2025,South,Headphones,Accessories,Rahul,2,12370,Aug-2025
11031,03-01-2025,West,Headphones,Accessories,Meena,8,49448,Jan-2025
11032,04-07-2025,South,Chair,Furniture,Anita,8,70957,Jul-2025
11033,15-05-2026,West,Laptop,Electronics,Priya,3,163186,May-2026
11034,03-05-2025,West,Desk,Furniture,Arjun,7,125950,May-2025
11035,16-11-2025,East,Laptop,Electronics,Priya,7,383004,Nov-2025
11036,27-01-2025,West,Desk,Furniture,Rahul,7,125621,Jan-2025
11037,07-08-2025,West,Tablet,Electronics,Ravi,2,45259,Aug-2025
11038,02-04-2026,West,Tablet,Electronics,Sneha,4,88892,Apr-2026
11039,22-10-2025,North,Desk,Furniture,Sneha,3,53095,Oct-2025
11040,21-07-2025,North,Headphones,Accessories,Sneha,8,46981,Jul-2025
11041,16-06-2026,South,Laptop,Electronics,Sneha,5,275858,Jun-2026
11042,02-01-2025,South,Desk,Furniture,Kiran,8,145840,Jan-2025
11043,24-01-2025,South,Monitor,Electronics,Anita,8,121207,Jan-2025
11044,05-04-2026,North,Tablet,Electronics,Ravi,5,109586,Apr-2026
11045,14-07-2025,North,Headphones,Accessories,Kiran,5,29511,Jul-2025
11046,13-07-2025,North,Laptop,Electronics,Meena,4,221496,Jul-2025
11047,07-01-2025,South,Tablet,Electronics,Kiran,3,66880,Jan-2025
11048,16-05-2025,North,Tablet,Electronics,Sneha,4,86915,May-2025
11049,08-01-2025,South,Headphones,Accessories,Ravi,1,7907,Jan-2025
11050,13-02-2026,East,Headphones,Accessories,Anita,8,49634,Feb-2026
11051,04-02-2026,East,Monitor,Electronics,Kiran,4,59954,Feb-2026
11052,24-02-2025,North,Headphones,Accessories,Rahul,4,22492,Feb-2025
11053,21-01-2025,South,Phone,Electronics,Sneha,6,193223,Jan-2025
11054,27-01-2026,West,Chair,Furniture,Kiran,8,70692,Jan-2026
11055,31-08-2025,North,Tablet,Electronics,Kiran,1,22458,Aug-2025
11056,08-02-2026,North,Chair,Furniture,Priya,2,19400,Feb-2026
11057,17-12-2025,North,Headphones,Accessories,Arjun,3,18265,Dec-2025
11058,11-06-2026,East,Chair,Furniture,Ravi,6,55526,Jun-2026
11059,03-03-2026,East,Phone,Electronics,Sneha,7,224923,Mar-2026
11060,17-10-2025,West,Laptop,Electronics,Meena,2,108507,Oct-2025
11061,10-12-2025,South,Monitor,Electronics,Sneha,5,74571,Dec-2025
11062,24-03-2025,South,Desk,Furniture,Kiran,3,52827,Mar-2025
11063,17-12-2025,East,Laptop,Electronics,Rahul,7,384807,Dec-2025
11064,20-02-2026,North,Tablet,Electronics,Priya,4,88891,Feb-2026
11065,09-12-2025,East,Phone,Electronics,Sneha,2,65050,Dec-2025
11066,10-02-2025,South,Tablet,Electronics,Kiran,5,111551,Feb-2025
11067,15-07-2025,North,Chair,Furniture,Anita,4,34269,Jul-2025
11068,18-04-2025,East,Monitor,Electronics,Ravi,3,46282,Apr-2025
11069,21-04-2025,West,Monitor,Electronics,Arjun,1,15230,Apr-2025
11070,28-04-2026,East,Headphones,Accessories,Kiran,4,24615,Apr-2026
11071,06-01-2025,West,Phone,Electronics,Vikram,8,257015,Jan-2025
11072,20-01-2025,North,Monitor,Electronics,Kiran,3,44968,Jan-2025
11073,08-04-2026,South,Phone,Electronics,Ravi,5,160220,Apr-2026
11074,05-01-2026,South,Desk,Furniture,Vikram,6,109322,Jan-2026
11075,20-10-2025,South,Monitor,Electronics,Vikram,4,58682,Oct-2025
11076,03-04-2026,South,Tablet,Electronics,Anita,6,133444,Apr-2026
11077,06-07-2025,East,Phone,Electronics,Vikram,7,222815,Jul-2025
11078,27-02-2025,South,Monitor,Electronics,Sneha,5,75238,Feb-2025
11079,27-02-2025,South,Desk,Furniture,Sneha,4,71190,Feb-2025
11080,27-01-2026,North,Phone,Electronics,Priya,5,161549,Jan-2026
11081,21-12-2025,North,Phone,Electronics,Priya,4,129618,Dec-2025
11082,18-01-2025,South,Desk,Furniture,Ravi,1,17646,Jan-2025
11083,20-07-2025,East,Desk,Furniture,Vikram,3,55447,Jul-2025
11084,16-03-2025,East,Chair,Furniture,Sneha,7,63862,Mar-2025
11085,29-05-2025,East,Chair,Furniture,Meena,2,16631,May-2025
11086,18-01-2026,North,Desk,Furniture,Vikram,7,127100,Jan-2026
11087,11-08-2025,West,Monitor,Electronics,Sneha,2,28664,Aug-2025
11088,30-01-2026,East,Chair,Furniture,Priya,7,62054,Jan-2026
11089,18-10-2025,South,Chair,Furniture,Arjun,7,64450,Oct-2025
11090,20-10-2025,East,Tablet,Electronics,Priya,8,174011,Oct-2025
11091,03-03-2025,North,Monitor,Electronics,Priya,4,61323,Mar-2025
11092,13-08-2025,East,Laptop,Electronics,Rahul,2,111431,Aug-2025
11093,16-09-2025,South,Monitor,Electronics,Anita,5,74516,Sep-2025
11094,29-11-2025,East,Phone,Electronics,Rahul,2,63436,Nov-2025
11095,27-01-2025,North,Tablet,Electronics,Anita,8,176769,Jan-2025
11096,23-12-2025,North,Headphones,Accessories,Meena,7,42750,Dec-2025
11097,26-05-2026,West,Monitor,Electronics,Sneha,6,88772,May-2026
11098,16-07-2025,South,Headphones,Accessories,Rahul,7,42715,Jul-2025
11099,17-11-2025,South,Chair,Furniture,Rahul,8,71209,Nov-2025
11100,26-03-2025,South,Monitor,Electronics,Kiran,5,73561,Mar-2025
11101,15-08-2025,East,Phone,Electronics,Meena,2,63963,Aug-2025
11102,04-11-2025,South,Tablet,Electronics,Rahul,2,42107,Nov-2025
11103,19-03-2026,North,Tablet,Electronics,Arjun,2,44972,Mar-2026
11104,28-12-2025,North,Monitor,Electronics,Rahul,5,73376,Dec-2025
11105,08-06-2026,South,Laptop,Electronics,Anita,5,273348,Jun-2026
11106,19-03-2025,West,Desk,Furniture,Priya,3,52221,Mar-2025
11107,06-08-2025,South,Tablet,Electronics,Kiran,2,44013,Aug-2025
11108,02-11-2025,North,Headphones,Accessories,Anita,7,43499,Nov-2025
11109,17-02-2025,West,Phone,Electronics,Arjun,2,64875,Feb-2025
11110,19-09-2025,East,Monitor,Electronics,Ravi,1,14967,Sep-2025
11111,19-03-2025,North,Desk,Furniture,Priya,5,90104,Mar-2025
11112,06-02-2026,West,Tablet,Electronics,Rahul,8,177241,Feb-2026
11113,14-07-2025,North,Headphones,Accessories,Vikram,7,40989,Jul-2025
11114,29-06-2025,West,Desk,Furniture,Sneha,8,145794,Jun-2025
11115,10-10-2025,South,Monitor,Electronics,Priya,5,75609,Oct-2025
11116,12-03-2025,West,Tablet,Electronics,Kiran,7,152804,Mar-2025
11117,20-03-2025,South,Monitor,Electronics,Sneha,2,28380,Mar-2025
11118,05-02-2026,West,Tablet,Electronics,Meena,4,87278,Feb-2026
11119,23-02-2026,North,Monitor,Electronics,Sneha,3,45929,Feb-2026
11120,25-01-2025,South,Headphones,Accessories,Anita,6,35555,Jan-2025
11121,28-03-2025,West,Desk,Furniture,Kiran,1,19739,Mar-2025
11122,02-11-2025,South,Headphones,Accessories,Arjun,7,42982,Nov-2025
11123,26-08-2025,North,Laptop,Electronics,Priya,1,54080,Aug-2025
11124,05-06-2025,West,Tablet,Electronics,Ravi,3,67007,Jun-2025
11125,06-03-2025,South,Desk,Furniture,Meena,3,53088,Mar-2025
11126,11-11-2025,North,Laptop,Electronics,Meena,8,440440,Nov-2025
11127,28-02-2026,West,Chair,Furniture,Meena,7,61093,Feb-2026
11128,02-12-2025,North,Chair,Furniture,Priya,6,55336,Dec-2025
11129,04-05-2025,North,Laptop,Electronics,Vikram,6,329057,May-2025
11130,25-05-2026,West,Monitor,Electronics,Meena,8,118281,May-2026
11131,24-07-2025,East,Laptop,Electronics,Meena,7,386897,Jul-2025
11132,28-03-2026,West,Tablet,Electronics,Anita,5,111682,Mar-2026
11133,25-01-2025,South,Chair,Furniture,Priya,5,45456,Jan-2025
11134,22-04-2025,North,Headphones,Accessories,Vikram,8,48329,Apr-2025
11135,11-03-2025,East,Tablet,Electronics,Arjun,8,176976,Mar-2025
11136,11-03-2025,West,Monitor,Electronics,Arjun,1,13075,Mar-2025
11137,17-02-2026,North,Monitor,Electronics,Sneha,4,58565,Feb-2026
11138,26-02-2026,East,Desk,Furniture,Anita,4,70125,Feb-2026
11139,30-05-2025,North,Headphones,Accessories,Anita,2,10904,May-2025
11140,07-12-2025,North,Laptop,Electronics,Priya,4,219961,Dec-2025
11141,29-07-2025,East,Phone,Electronics,Anita,6,191804,Jul-2025
11142,15-06-2026,South,Monitor,Electronics,Anita,3,43572,Jun-2026
11143,09-07-2025,North,Desk,Furniture,Anita,2,35756,Jul-2025
11144,28-02-2025,East,Chair,Furniture,Arjun,4,36087,Feb-2025
11145,30-10-2025,West,Monitor,Electronics,Ravi,6,88664,Oct-2025
11146,22-05-2025,West,Laptop,Electronics,Ravi,3,164668,May-2025
11147,01-05-2026,West,Desk,Furniture,Rahul,8,144292,May-2026
11148,29-01-2026,East,Monitor,Electronics,Priya,4,58383,Jan-2026
11149,26-03-2026,West,Phone,Electronics,Vikram,3,94820,Mar-2026
11150,27-05-2026,East,Phone,Electronics,Kiran,4,126097,May-2026
11151,14-07-2025,South,Laptop,Electronics,Anita,7,384379,Jul-2025
11152,08-03-2025,East,Chair,Furniture,Priya,2,18293,Mar-2025
11153,20-01-2025,South,Desk,Furniture,Meena,8,145145,Jan-2025
11154,25-02-2026,West,Desk,Furniture,Sneha,8,142158,Feb-2026
11155,30-03-2026,East,Headphones,Accessories,Priya,7,41817,Mar-2026
11156,30-11-2025,West,Tablet,Electronics,Meena,7,154041,Nov-2025
11157,04-04-2026,West,Laptop,Electronics,Vikram,2,108227,Apr-2026
11158,08-05-2025,South,Desk,Furniture,Arjun,1,17518,May-2025
11159,06-11-2025,South,Headphones,Accessories,Ravi,3,18414,Nov-2025
11160,24-04-2026,West,Chair,Furniture,Anita,3,27557,Apr-2026
11161,08-01-2025,West,Laptop,Electronics,Priya,6,330036,Jan-2025
11162,02-08-2025,South,Laptop,Electronics,Sneha,7,385042,Aug-2025
11163,27-10-2025,West,Laptop,Electronics,Anita,1,54660,Oct-2025
11164,02-06-2026,South,Tablet,Electronics,Priya,8,177277,Jun-2026
11165,23-07-2025,South,Desk,Furniture,Priya,7,127842,Jul-2025
11166,30-03-2025,North,Headphones,Accessories,Priya,5,28618,Mar-2025
11167,18-05-2025,North,Monitor,Electronics,Rahul,2,30899,May-2025
11168,13-04-2026,East,Chair,Furniture,Ravi,7,62733,Apr-2026
11169,31-07-2025,East,Chair,Furniture,Kiran,6,53761,Jul-2025
11170,05-06-2025,South,Desk,Furniture,Anita,4,70345,Jun-2025
11171,26-04-2026,West,Tablet,Electronics,Priya,4,88215,Apr-2026
11172,04-03-2025,South,Headphones,Accessories,Priya,5,30252,Mar-2025
11173,26-04-2025,South,Laptop,Electronics,Anita,7,384963,Apr-2025
11174,15-11-2025,South,Desk,Furniture,Rahul,8,142841,Nov-2025
11175,06-10-2025,South,Phone,Electronics,Arjun,4,127459,Oct-2025
11176,06-04-2026,South,Monitor,Electronics,Priya,6,88793,Apr-2026
11177,24-10-2025,West,Headphones,Accessories,Rahul,4,24972,Oct-2025
11178,04-10-2025,West,Laptop,Electronics,Kiran,1,53131,Oct-2025
11179,09-07-2025,West,Monitor,Electronics,Priya,6,91182,Jul-2025
11180,28-05-2026,East,Headphones,Accessories,Arjun,3,19898,May-2026
11181,06-04-2026,North,Headphones,Accessories,Meena,8,47009,Apr-2026
11182,02-12-2025,West,Tablet,Electronics,Rahul,1,21306,Dec-2025
11183,17-02-2025,South,Desk,Furniture,Rahul,3,52363,Feb-2025
11184,06-06-2025,West,Laptop,Electronics,Priya,8,439623,Jun-2025
11185,02-05-2026,West,Tablet,Electronics,Anita,6,132167,May-2026
11186,25-01-2025,East,Laptop,Electronics,Kiran,5,276298,Jan-2025
11187,28-06-2025,West,Laptop,Electronics,Anita,4,219625,Jun-2025
11188,29-01-2026,East,Chair,Furniture,Rahul,3,27469,Jan-2026
11189,31-07-2025,East,Laptop,Electronics,Anita,5,276288,Jul-2025
11190,19-04-2026,South,Monitor,Electronics,Sneha,5,75284,Apr-2026
11191,04-09-2025,North,Phone,Electronics,Ravi,5,159935,Sep-2025
11192,20-05-2025,East,Phone,Electronics,Rahul,1,32263,May-2025
11193,13-06-2025,West,Laptop,Electronics,Anita,4,219827,Jun-2025
11194,21-04-2025,North,Phone,Electronics,Arjun,8,256537,Apr-2025
11195,24-03-2025,West,Chair,Furniture,Arjun,3,26028,Mar-2025
11196,12-07-2025,East,Phone,Electronics,Sneha,7,223091,Jul-2025
11197,02-06-2026,South,Tablet,Electronics,Anita,1,20601,Jun-2026
11198,20-09-2025,North,Desk,Furniture,Sneha,8,145851,Sep-2025
11199,10-04-2026,East,Desk,Furniture,Vikram,6,109320,Apr-2026
11200,07-11-2025,West,Chair,Furniture,Arjun,4,35971,Nov-2025
11201,03-06-2026,North,Laptop,Electronics,Anita,5,274499,Jun-2026
11202,24-03-2025,East,Monitor,Electronics,Ravi,2,29000,Mar-2025
11203,28-04-2026,East,Chair,Furniture,Rahul,6,52710,Apr-2026
11204,16-01-2026,South,Monitor,Electronics,Priya,6,89851,Jan-2026
11205,11-08-2025,South,Laptop,Electronics,Anita,8,439039,Aug-2025
11206,14-03-2025,East,Phone,Electronics,Kiran,7,224247,Mar-2025
11207,21-02-2026,North,Desk,Furniture,Anita,1,16197,Feb-2026
11208,22-09-2025,East,Monitor,Electronics,Anita,7,104567,Sep-2025
11209,24-10-2025,West,Chair,Furniture,Sneha,6,53918,Oct-2025
11210,02-04-2025,North,Monitor,Electronics,Arjun,7,106326,Apr-2025
11211,14-04-2026,East,Headphones,Accessories,Rahul,1,7874,Apr-2026
11212,13-01-2026,North,Monitor,Electronics,Anita,1,13480,Jan-2026
11213,10-02-2025,West,Headphones,Accessories,Kiran,1,6526,Feb-2025
11214,16-02-2026,South,Tablet,Electronics,Priya,3,65836,Feb-2026
11215,07-07-2025,North,Desk,Furniture,Meena,5,91527,Jul-2025
11216,16-06-2025,South,Tablet,Electronics,Ravi,2,43041,Jun-2025
11217,23-11-2025,West,Monitor,Electronics,Kiran,4,58821,Nov-2025
11218,25-05-2026,South,Monitor,Electronics,Priya,2,30426,May-2026
11219,09-04-2025,West,Headphones,Accessories,Priya,7,40206,Apr-2025
11220,10-04-2025,East,Headphones,Accessories,Vikram,3,16775,Apr-2025
11221,14-06-2026,West,Chair,Furniture,Ravi,2,19246,Jun-2026
11222,21-02-2025,North,Headphones,Accessories,Priya,4,24984,Feb-2025
11223,28-12-2025,East,Phone,Electronics,Arjun,3,97509,Dec-2025
11224,30-05-2026,North,Chair,Furniture,Ravi,8,71757,May-2026
11225,15-03-2025,East,Headphones,Accessories,Priya,2,12272,Mar-2025
11226,29-01-2026,South,Phone,Electronics,Meena,1,33940,Jan-2026
11227,17-04-2026,West,Desk,Furniture,Sneha,4,71662,Apr-2026
11228,04-08-2025,West,Tablet,Electronics,Arjun,6,132156,Aug-2025
11229,17-05-2026,West,Tablet,Electronics,Rahul,5,109698,May-2026
11230,24-02-2025,South,Tablet,Electronics,Arjun,4,89438,Feb-2025
11231,03-04-2025,East,Chair,Furniture,Priya,3,28279,Apr-2025
11232,04-01-2026,South,Monitor,Electronics,Rahul,2,31962,Jan-2026
11233,09-06-2025,South,Phone,Electronics,Anita,5,159962,Jun-2025
11234,26-02-2025,South,Desk,Furniture,Ravi,3,54012,Feb-2025
11235,06-01-2026,South,Phone,Electronics,Meena,2,64200,Jan-2026
11236,27-10-2025,North,Tablet,Electronics,Ravi,7,155426,Oct-2025
11237,12-01-2025,West,Headphones,Accessories,Arjun,3,19576,Jan-2025
11238,15-11-2025,North,Phone,Electronics,Anita,1,32787,Nov-2025
11239,19-07-2025,East,Tablet,Electronics,Sneha,4,89037,Jul-2025
11240,20-08-2025,West,Desk,Furniture,Anita,5,91207,Aug-2025
11241,22-07-2025,South,Monitor,Electronics,Meena,5,73042,Jul-2025
11242,02-02-2025,West,Headphones,Accessories,Sneha,5,28260,Feb-2025
11243,08-01-2026,East,Headphones,Accessories,Anita,5,28720,Jan-2026
11244,23-06-2026,North,Desk,Furniture,Rahul,7,127586,Jun-2026
11245,21-10-2025,South,Desk,Furniture,Meena,1,19672,Oct-2025
11246,25-06-2026,West,Desk,Furniture,Sneha,1,16396,Jun-2026
11247,12-06-2025,South,Phone,Electronics,Anita,3,97839,Jun-2025
11248,10-03-2026,West,Monitor,Electronics,Vikram,3,45065,Mar-2026
11249,04-04-2026,North,Chair,Furniture,Ravi,3,26636,Apr-2026
11250,10-03-2026,West,Chair,Furniture,Arjun,7,63943,Mar-2026
11251,14-01-2025,West,Tablet,Electronics,Anita,5,110900,Jan-2025
11252,21-04-2026,East,Phone,Electronics,Rahul,2,62857,Apr-2026
11253,19-03-2026,South,Desk,Furniture,Vikram,2,34527,Mar-2026
11254,15-10-2025,North,Laptop,Electronics,Priya,8,439398,Oct-2025
11255,16-08-2025,East,Laptop,Electronics,Anita,1,55974,Aug-2025
11256,13-02-2026,East,Chair,Furniture,Vikram,8,72845,Feb-2026
11257,12-02-2025,East,Laptop,Electronics,Anita,8,439346,Feb-2025
11258,01-03-2025,East,Phone,Electronics,Rahul,5,158935,Mar-2025
11259,14-05-2026,South,Phone,Electronics,Ravi,2,62493,May-2026
11260,28-01-2026,South,Phone,Electronics,Vikram,1,30569,Jan-2026
11261,19-07-2025,North,Phone,Electronics,Meena,1,32826,Jul-2025
11262,06-06-2025,North,Monitor,Electronics,Meena,2,28256,Jun-2025
11263,18-08-2025,South,Monitor,Electronics,Kiran,3,43725,Aug-2025
11264,17-05-2025,West,Chair,Furniture,Meena,1,7186,May-2025
11265,11-01-2025,South,Monitor,Electronics,Vikram,4,59920,Jan-2025
11266,20-03-2025,North,Headphones,Accessories,Sneha,5,29652,Mar-2025
11267,28-05-2026,East,Monitor,Electronics,Kiran,2,30964,May-2026
11268,21-11-2025,East,Tablet,Electronics,Vikram,8,176581,Nov-2025
11269,19-05-2026,South,Phone,Electronics,Ravi,3,96518,May-2026
11270,10-04-2026,East,Monitor,Electronics,Meena,7,104301,Apr-2026
11271,18-10-2025,North,Desk,Furniture,Priya,3,53313,Oct-2025
11272,16-09-2025,West,Desk,Furniture,Anita,2,35068,Sep-2025
11273,15-06-2025,East,Desk,Furniture,Anita,7,125410,Jun-2025
11274,18-03-2026,East,Monitor,Electronics,Anita,1,16362,Mar-2026
11275,01-02-2026,East,Headphones,Accessories,Priya,7,42705,Feb-2026
11276,14-06-2026,North,Monitor,Electronics,Rahul,4,60157,Jun-2026
11277,22-02-2026,North,Laptop,Electronics,Vikram,3,164922,Feb-2026
11278,12-03-2025,West,Desk,Furniture,Priya,4,70607,Mar-2025
11279,03-08-2025,South,Tablet,Electronics,Rahul,6,130274,Aug-2025
11280,30-11-2025,South,Laptop,Electronics,Arjun,1,56958,Nov-2025
11281,04-03-2025,West,Desk,Furniture,Vikram,8,145812,Mar-2025
11282,11-12-2025,South,Desk,Furniture,Anita,3,55024,Dec-2025
11283,27-04-2025,East,Headphones,Accessories,Kiran,4,23778,Apr-2025
11284,04-10-2025,West,Monitor,Electronics,Arjun,2,29306,Oct-2025
11285,04-02-2025,East,Desk,Furniture,Rahul,3,52900,Feb-2025
11286,04-03-2025,East,Headphones,Accessories,Priya,6,36060,Mar-2025
11287,10-11-2025,South,Desk,Furniture,Arjun,7,124044,Nov-2025
11288,04-11-2025,East,Tablet,Electronics,Priya,1,23108,Nov-2025
11289,15-07-2025,West,Phone,Electronics,Kiran,8,256633,Jul-2025
11290,03-06-2025,East,Phone,Electronics,Kiran,6,193214,Jun-2025
11291,29-03-2026,East,Monitor,Electronics,Arjun,4,60457,Mar-2026
11292,21-01-2026,North,Chair,Furniture,Arjun,5,45995,Jan-2026
11293,29-12-2025,West,Desk,Furniture,Rahul,1,17141,Dec-2025
11294,03-09-2025,East,Chair,Furniture,Anita,4,34925,Sep-2025
11295,02-04-2026,South,Monitor,Electronics,Ravi,3,44149,Apr-2026
11296,18-11-2025,South,Desk,Furniture,Arjun,2,34219,Nov-2025
11297,03-08-2025,East,Phone,Electronics,Priya,7,223227,Aug-2025
11298,24-03-2026,South,Desk,Furniture,Meena,5,88392,Mar-2026
11299,18-03-2025,North,Monitor,Electronics,Vikram,4,61151,Mar-2025
11300,24-12-2025,South,Headphones,Accessories,Vikram,6,36294,Dec-2025
11301,04-11-2025,North,Tablet,Electronics,Meena,1,20785,Nov-2025
11302,20-07-2025,East,Tablet,Electronics,Anita,3,64873,Jul-2025
11303,12-02-2025,South,Desk,Furniture,Vikram,6,109359,Feb-2025
11304,20-02-2026,East,Monitor,Electronics,Priya,1,14694,Feb-2026
11305,09-07-2025,West,Desk,Furniture,Meena,3,53129,Jul-2025
11306,12-09-2025,North,Chair,Furniture,Ravi,1,7575,Sep-2025
11307,06-04-2025,East,Desk,Furniture,Arjun,3,53889,Apr-2025
11308,16-01-2026,East,Laptop,Electronics,Rahul,4,220377,Jan-2026
11309,06-05-2025,South,Monitor,Electronics,Ravi,6,88791,May-2025
11310,30-07-2025,West,Headphones,Accessories,Priya,5,30663,Jul-2025
11311,10-10-2025,East,Tablet,Electronics,Priya,8,175847,Oct-2025
11312,15-11-2025,South,Monitor,Electronics,Meena,3,46184,Nov-2025
11313,17-02-2026,West,Desk,Furniture,Arjun,3,52878,Feb-2026
11314,20-08-2025,West,Desk,Furniture,Ravi,7,125275,Aug-2025
11315,03-11-2025,North,Phone,Electronics,Arjun,3,95273,Nov-2025
11316,29-03-2026,South,Laptop,Electronics,Kiran,7,386591,Mar-2026
11317,22-02-2025,West,Monitor,Electronics,Vikram,8,121306,Feb-2025
11318,21-05-2026,East,Headphones,Accessories,Priya,2,11745,May-2026
11319,19-06-2025,South,Laptop,Electronics,Kiran,3,166877,Jun-2025
11320,31-05-2026,North,Laptop,Electronics,Arjun,2,110372,May-2026
11321,03-02-2026,South,Monitor,Electronics,Anita,3,44992,Feb-2026
11322,20-10-2025,North,Monitor,Electronics,Meena,7,106932,Oct-2025
11323,31-10-2025,East,Monitor,Electronics,Meena,2,31974,Oct-2025
11324,19-04-2025,North,Laptop,Electronics,Priya,5,276851,Apr-2025
11325,12-10-2025,East,Desk,Furniture,Vikram,2,37969,Oct-2025
11326,30-03-2026,East,Laptop,Electronics,Vikram,6,328329,Mar-2026
11327,06-03-2025,South,Monitor,Electronics,Ravi,7,106862,Mar-2025
11328,24-04-2025,South,Chair,Furniture,Priya,7,64230,Apr-2025
11329,20-02-2026,East,Tablet,Electronics,Kiran,8,176350,Feb-2026
11330,04-01-2026,West,Monitor,Electronics,Ravi,1,13400,Jan-2026
11331,25-06-2025,North,Laptop,Electronics,Arjun,8,441930,Jun-2025
11332,28-08-2025,West,Monitor,Electronics,Anita,3,45014,Aug-2025
11333,23-03-2026,East,Tablet,Electronics,Ravi,7,152848,Mar-2026
11334,11-03-2025,West,Headphones,Accessories,Ravi,6,35211,Mar-2025
11335,24-03-2025,South,Phone,Electronics,Sneha,2,63813,Mar-2025
11336,29-01-2026,West,Phone,Electronics,Kiran,5,161086,Jan-2026
11337,17-07-2025,North,Tablet,Electronics,Sneha,3,66350,Jul-2025
11338,12-11-2025,North,Tablet,Electronics,Meena,8,174088,Nov-2025
11339,25-01-2025,West,Monitor,Electronics,Priya,6,88706,Jan-2025
11340,04-01-2025,North,Chair,Furniture,Anita,4,37338,Jan-2025
11341,12-12-2025,East,Laptop,Electronics,Arjun,7,383598,Dec-2025
11342,16-04-2026,West,Tablet,Electronics,Vikram,7,153847,Apr-2026
11343,05-03-2025,West,Desk,Furniture,Sneha,5,91276,Mar-2025
11344,07-11-2025,West,Chair,Furniture,Vikram,5,46783,Nov-2025
11345,06-05-2026,North,Monitor,Electronics,Priya,1,16391,May-2026
11346,24-10-2025,West,Laptop,Electronics,Meena,4,220675,Oct-2025
11347,27-01-2025,East,Chair,Furniture,Priya,8,71943,Jan-2025
11348,23-01-2026,West,Desk,Furniture,Sneha,3,55869,Jan-2026
11349,04-08-2025,East,Phone,Electronics,Sneha,3,95009,Aug-2025
11350,23-06-2026,East,Chair,Furniture,Sneha,8,71771,Jun-2026
11351,17-01-2025,South,Chair,Furniture,Sneha,5,45419,Jan-2025
11352,29-10-2025,East,Phone,Electronics,Rahul,8,257970,Oct-2025
11353,10-02-2026,North,Headphones,Accessories,Arjun,4,22290,Feb-2026
11354,13-10-2025,West,Monitor,Electronics,Kiran,5,73993,Oct-2025
11355,02-03-2025,South,Chair,Furniture,Meena,5,43117,Mar-2025
11356,17-02-2026,South,Chair,Furniture,Rahul,8,72915,Feb-2026
11357,21-07-2025,East,Phone,Electronics,Ravi,2,64109,Jul-2025
11358,28-06-2025,North,Chair,Furniture,Rahul,2,16995,Jun-2025
11359,04-12-2025,West,Chair,Furniture,Kiran,5,46444,Dec-2025
11360,13-12-2025,East,Tablet,Electronics,Kiran,1,20317,Dec-2025
11361,05-03-2026,East,Phone,Electronics,Meena,2,64857,Mar-2026
11362,05-04-2025,North,Chair,Furniture,Kiran,4,34884,Apr-2025
11363,15-11-2025,North,Headphones,Accessories,Ravi,3,18624,Nov-2025
11364,31-05-2026,East,Tablet,Electronics,Meena,1,22747,May-2026
11365,19-04-2026,South,Phone,Electronics,Kiran,5,161571,Apr-2026
11366,24-11-2025,West,Tablet,Electronics,Rahul,2,44686,Nov-2025
11367,29-09-2025,North,Chair,Furniture,Vikram,6,52084,Sep-2025
11368,27-04-2026,North,Desk,Furniture,Anita,1,16873,Apr-2026
11369,15-09-2025,South,Monitor,Electronics,Arjun,2,31470,Sep-2025
11370,30-10-2025,North,Tablet,Electronics,Vikram,6,133052,Oct-2025
11371,06-01-2025,East,Headphones,Accessories,Anita,3,17390,Jan-2025
11372,16-05-2026,East,Phone,Electronics,Vikram,6,190172,May-2026
11373,14-04-2025,East,Headphones,Accessories,Ravi,3,19530,Apr-2025
11374,25-08-2025,East,Phone,Electronics,Kiran,4,126426,Aug-2025
11375,19-04-2025,North,Phone,Electronics,Priya,2,64567,Apr-2025
11376,22-04-2026,East,Desk,Furniture,Sneha,1,18672,Apr-2026
11377,06-02-2025,South,Phone,Electronics,Sneha,1,30915,Feb-2025
11378,31-07-2025,East,Tablet,Electronics,Anita,1,21760,Jul-2025
11379,03-07-2025,East,Tablet,Electronics,Ravi,6,133269,Jul-2025
11380,05-05-2026,West,Headphones,Accessories,Vikram,7,41340,May-2026
11381,24-01-2025,North,Tablet,Electronics,Meena,8,177446,Jan-2025
11382,21-05-2025,South,Desk,Furniture,Ravi,5,91846,May-2025
11383,16-08-2025,East,Tablet,Electronics,Anita,5,108105,Aug-2025
11384,23-10-2025,North,Headphones,Accessories,Rahul,7,41071,Oct-2025
11385,21-03-2025,West,Headphones,Accessories,Kiran,5,28299,Mar-2025
11386,03-02-2026,East,Desk,Furniture,Ravi,3,52746,Feb-2026
11387,20-03-2026,West,Chair,Furniture,Priya,6,52328,Mar-2026
11388,09-01-2026,East,Desk,Furniture,Priya,3,53050,Jan-2026
11389,29-04-2025,East,Phone,Electronics,Meena,7,225497,Apr-2025
11390,29-07-2025,North,Headphones,Accessories,Priya,8,46608,Jul-2025
11391,26-11-2025,North,Monitor,Electronics,Arjun,4,58908,Nov-2025
11392,13-03-2025,South,Laptop,Electronics,Sneha,2,110929,Mar-2025
11393,15-07-2025,West,Chair,Furniture,Arjun,5,43839,Jul-2025
11394,16-11-2025,South,Desk,Furniture,Meena,1,17493,Nov-2025
11395,08-03-2026,South,Desk,Furniture,Vikram,7,127707,Mar-2026
11396,02-11-2025,East,Chair,Furniture,Vikram,2,18739,Nov-2025
11397,02-04-2026,West,Phone,Electronics,Arjun,4,126726,Apr-2026
11398,23-02-2025,South,Headphones,Accessories,Kiran,6,36419,Feb-2025
11399,23-04-2025,East,Chair,Furniture,Vikram,2,17413,Apr-2025
11400,10-06-2026,North,Monitor,Electronics,Anita,4,58939,Jun-2026
11401,18-04-2025,North,Headphones,Accessories,Priya,1,5330,Apr-2025
11402,13-04-2025,South,Phone,Electronics,Anita,1,33114,Apr-2025
11403,02-03-2026,East,Monitor,Electronics,Arjun,1,15293,Mar-2026
11404,29-01-2026,East,Headphones,Accessories,Sneha,3,16988,Jan-2026
11405,29-05-2025,East,Monitor,Electronics,Anita,7,104721,May-2025
11406,02-04-2026,East,Phone,Electronics,Priya,2,65180,Apr-2026
11407,08-01-2026,West,Monitor,Electronics,Priya,8,121601,Jan-2026
11408,29-08-2025,West,Headphones,Accessories,Rahul,1,6464,Aug-2025
11409,16-03-2025,West,Phone,Electronics,Meena,3,96463,Mar-2025
11410,23-03-2025,South,Monitor,Electronics,Kiran,3,46022,Mar-2025
11411,14-06-2025,North,Chair,Furniture,Meena,8,70488,Jun-2025
11412,22-04-2026,East,Monitor,Electronics,Meena,8,119648,Apr-2026
11413,04-09-2025,East,Headphones,Accessories,Sneha,8,47751,Sep-2025
11414,25-08-2025,North,Desk,Furniture,Anita,6,109579,Aug-2025
11415,15-12-2025,North,Tablet,Electronics,Anita,3,65351,Dec-2025
11416,12-06-2026,North,Tablet,Electronics,Arjun,3,67307,Jun-2026
11417,16-08-2025,South,Headphones,Accessories,Arjun,6,37659,Aug-2025
11418,22-09-2025,North,Desk,Furniture,Arjun,6,106720,Sep-2025
11419,08-04-2025,West,Monitor,Electronics,Meena,2,28575,Apr-2025
11420,10-09-2025,North,Desk,Furniture,Ravi,7,124889,Sep-2025
11421,01-05-2025,East,Desk,Furniture,Sneha,2,35280,May-2025
11422,17-01-2026,West,Tablet,Electronics,Kiran,5,109845,Jan-2026
11423,30-04-2025,East,Laptop,Electronics,Anita,8,438497,Apr-2025
11424,01-01-2026,South,Tablet,Electronics,Rahul,2,45059,Jan-2026
11425,04-07-2025,West,Tablet,Electronics,Kiran,4,88616,Jul-2025
11426,03-04-2025,West,Desk,Furniture,Ravi,2,37793,Apr-2025
11427,10-01-2025,East,Monitor,Electronics,Kiran,4,61028,Jan-2025
11428,04-03-2025,West,Chair,Furniture,Priya,7,62658,Mar-2025
11429,24-02-2025,East,Chair,Furniture,Ravi,6,54800,Feb-2025
11430,25-03-2025,West,Headphones,Accessories,Sneha,4,22618,Mar-2025
11431,05-06-2026,North,Tablet,Electronics,Priya,6,133528,Jun-2026
11432,23-01-2026,East,Phone,Electronics,Arjun,1,31012,Jan-2026
11433,07-12-2025,South,Desk,Furniture,Anita,5,89684,Dec-2025
11434,27-10-2025,South,Headphones,Accessories,Priya,2,12883,Oct-2025
11435,01-02-2026,South,Laptop,Electronics,Vikram,4,221511,Feb-2026
11436,25-10-2025,South,Headphones,Accessories,Ravi,3,19146,Oct-2025
11437,22-06-2026,South,Monitor,Electronics,Vikram,4,59769,Jun-2026
11438,08-05-2025,East,Phone,Electronics,Ravi,2,62811,May-2025
11439,16-02-2026,East,Desk,Furniture,Rahul,7,125783,Feb-2026
11440,02-11-2025,West,Headphones,Accessories,Kiran,2,13507,Nov-2025
11441,29-06-2025,West,Tablet,Electronics,Meena,5,109256,Jun-2025
11442,02-05-2026,West,Desk,Furniture,Kiran,6,109008,May-2026
11443,05-01-2025,North,Laptop,Electronics,Meena,1,56621,Jan-2025
11444,12-03-2026,South,Laptop,Electronics,Vikram,1,55404,Mar-2026
11445,20-05-2026,North,Phone,Electronics,Rahul,8,257060,May-2026
11446,07-09-2025,East,Tablet,Electronics,Ravi,1,20460,Sep-2025
11447,07-01-2025,South,Phone,Electronics,Kiran,4,126277,Jan-2025
11448,19-12-2025,South,Headphones,Accessories,Sneha,7,43368,Dec-2025
11449,29-03-2025,West,Tablet,Electronics,Ravi,1,21810,Mar-2025
11450,18-02-2025,South,Headphones,Accessories,Arjun,4,25849,Feb-2025
11451,13-03-2025,East,Chair,Furniture,Ravi,4,36337,Mar-2025
11452,14-12-2025,East,Phone,Electronics,Kiran,7,224159,Dec-2025
11453,11-03-2025,North,Tablet,Electronics,Ravi,1,21466,Mar-2025
11454,17-02-2026,East,Phone,Electronics,Kiran,5,159063,Feb-2026
11455,22-04-2026,South,Monitor,Electronics,Ravi,1,16263,Apr-2026
11456,12-01-2026,North,Laptop,Electronics,Sneha,1,54038,Jan-2026
11457,05-09-2025,East,Monitor,Electronics,Anita,3,44530,Sep-2025
11458,16-12-2025,East,Headphones,Accessories,Anita,2,11906,Dec-2025
11459,17-11-2025,West,Monitor,Electronics,Priya,6,90335,Nov-2025
11460,28-02-2026,North,Headphones,Accessories,Ravi,3,16824,Feb-2026
11461,23-11-2025,East,Desk,Furniture,Ravi,5,91795,Nov-2025
11462,17-06-2025,East,Monitor,Electronics,Ravi,4,58105,Jun-2025
11463,22-08-2025,West,Tablet,Electronics,Arjun,7,154144,Aug-2025
11464,05-04-2025,North,Tablet,Electronics,Ravi,8,174658,Apr-2025
11465,16-12-2025,North,Tablet,Electronics,Sneha,1,20149,Dec-2025
11466,23-09-2025,West,Laptop,Electronics,Kiran,3,166424,Sep-2025
11467,30-12-2025,North,Phone,Electronics,Meena,6,193751,Dec-2025
11468,06-05-2025,North,Chair,Furniture,Vikram,2,16156,May-2025
11469,20-08-2025,South,Chair,Furniture,Vikram,6,53229,Aug-2025
11470,25-12-2025,West,Desk,Furniture,Vikram,3,53576,Dec-2025
11471,08-02-2025,South,Headphones,Accessories,Ravi,1,4993,Feb-2025
11472,06-02-2025,East,Headphones,Accessories,Kiran,5,29188,Feb-2025
11473,20-12-2025,West,Laptop,Electronics,Anita,6,331755,Dec-2025
11474,08-11-2025,West,Chair,Furniture,Arjun,8,70193,Nov-2025
11475,28-05-2025,East,Phone,Electronics,Ravi,7,222363,May-2025
11476,27-07-2025,South,Headphones,Accessories,Meena,4,24618,Jul-2025
11477,04-09-2025,North,Monitor,Electronics,Vikram,4,59681,Sep-2025
11478,22-04-2025,North,Desk,Furniture,Anita,1,18901,Apr-2025
11479,21-04-2026,North,Phone,Electronics,Priya,1,33601,Apr-2026
11480,22-01-2025,West,Laptop,Electronics,Sneha,4,219025,Jan-2025
11481,08-03-2025,South,Tablet,Electronics,Kiran,8,176298,Mar-2025
11482,02-12-2025,South,Desk,Furniture,Priya,6,109156,Dec-2025
11483,28-03-2025,North,Desk,Furniture,Arjun,8,144719,Mar-2025
11484,05-01-2026,East,Monitor,Electronics,Vikram,7,105434,Jan-2026
11485,20-10-2025,North,Headphones,Accessories,Kiran,2,12882,Oct-2025
11486,11-07-2025,West,Desk,Furniture,Arjun,2,34840,Jul-2025
11487,06-08-2025,North,Tablet,Electronics,Priya,1,20023,Aug-2025
11488,14-06-2026,South,Laptop,Electronics,Kiran,5,274593,Jun-2026
11489,28-04-2026,North,Headphones,Accessories,Arjun,6,34257,Apr-2026
11490,08-11-2025,East,Monitor,Electronics,Vikram,3,45642,Nov-2025
11491,07-07-2025,South,Desk,Furniture,Vikram,2,34179,Jul-2025
11492,09-01-2026,East,Tablet,Electronics,Rahul,6,133421,Jan-2026
11493,09-10-2025,South,Tablet,Electronics,Priya,8,174580,Oct-2025
11494,27-02-2026,North,Headphones,Accessories,Priya,2,11458,Feb-2026
11495,27-07-2025,West,Desk,Furniture,Rahul,4,72543,Jul-2025
11496,13-04-2025,South,Monitor,Electronics,Vikram,1,15669,Apr-2025
11497,17-04-2025,West,Laptop,Electronics,Kiran,2,110608,Apr-2025
11498,12-09-2025,West,Laptop,Electronics,Kiran,7,383210,Sep-2025
11499,09-12-2025,West,Monitor,Electronics,Arjun,6,90271,Dec-2025
11500,27-07-2025,West,Monitor,Electronics,Arjun,7,106920,Jul-2025
